V4_1,Standard Error,Time_codelist,Time,Geography_codelist,Geography,Sex_codelist,Sex,Measurement Type_codelist,Measurement Type,Crime Type_codelist,Crime Type,Age_codelist,Age
15.20348261,4.850718838,Quarter,2017 Q1,K04000001,,,Female,,Incidence rate,,Acquaintance violence,,16-24
8.638510604,1.231067617,Quarter,2017 Q1,K04000001,,,Female,,Incidence rate,,Acquaintance violence,,16+
9.744184859,2.942803782,Quarter,2017 Q1,K04000001,,,Female,,Incidence rate,,Acquaintance violence,,25-34
6.854030022,1.842842395,Quarter,2017 Q1,K04000001,,,Female,,Incidence rate,,Acquaintance violence,,35-44
14.61095688,4.306860865,Quarter,2017 Q1,K04000001,,,Female,,Incidence rate,,Acquaintance violence,,45-54
9.239873398,2.647340012,Quarter,2017 Q1,K04000001,,,Female,,Incidence rate,,Acquaintance violence,,55-64
0.461565514,0.326807493,Quarter,2017 Q1,K04000001,,,Female,,Incidence rate,,Acquaintance violence,,65-74
0.688512267,0.498901255,Quarter,2017 Q1,K04000001,,,Female,,Incidence rate,,Acquaintance violence,,75+
29.25079475,7.698136803,Quarter,2017 Q1,K04000001,,,Male,,Incidence rate,,Acquaintance violence,,16-24
11.41877163,1.560517549,Quarter,2017 Q1,K04000001,,,Male,,Incidence rate,,Acquaintance violence,,16+
11.28368126,4.055203917,Quarter,2017 Q1,K04000001,,,Male,,Incidence rate,,Acquaintance violence,,25-34
11.43341335,3.68964268,Quarter,2017 Q1,K04000001,,,Male,,Incidence rate,,Acquaintance violence,,35-44
11.93641755,3.176508057,Quarter,2017 Q1,K04000001,,,Male,,Incidence rate,,Acquaintance violence,,45-54
5.831051264,2.512447843,Quarter,2017 Q1,K04000001,,,Male,,Incidence rate,,Acquaintance violence,,55-64
4.19937616,1.272311571,Quarter,2017 Q1,K04000001,,,Male,,Incidence rate,,Acquaintance violence,,65-74
1.188106549,0.882717001,Quarter,2017 Q1,K04000001,,,Male,,Incidence rate,,Acquaintance violence,,75+
6.799756938,2.321582263,Quarter,2017 Q1,K04000001,,,Female,,Incidence rate,,Common assault with injury,,16-24
5.013300025,0.783555075,Quarter,2017 Q1,K04000001,,,Female,,Incidence rate,,Common assault with injury,,16+
7.299740154,2.383981933,Quarter,2017 Q1,K04000001,,,Female,,Incidence rate,,Common assault with injury,,25-34
6.803425457,2.129983289,Quarter,2017 Q1,K04000001,,,Female,,Incidence rate,,Common assault with injury,,35-44
6.757807756,2.581922318,Quarter,2017 Q1,K04000001,,,Female,,Incidence rate,,Common assault with injury,,45-54
4.116662293,1.466236076,Quarter,2017 Q1,K04000001,,,Female,,Incidence rate,,Common assault with injury,,55-64
0.731286184,0.454175736,Quarter,2017 Q1,K04000001,,,Female,,Incidence rate,,Common assault with injury,,65-74
0,0,Quarter,2017 Q1,K04000001,,,Female,,Incidence rate,,Common assault with injury,,75+
25.57405366,6.823172786,Quarter,2017 Q1,K04000001,,,Male,,Incidence rate,,Common assault with injury,,16-24
7.539705497,1.160802703,Quarter,2017 Q1,K04000001,,,Male,,Incidence rate,,Common assault with injury,,16+
6.886129993,2.027738193,Quarter,2017 Q1,K04000001,,,Male,,Incidence rate,,Common assault with injury,,25-34
4.738169756,1.773599495,Quarter,2017 Q1,K04000001,,,Male,,Incidence rate,,Common assault with injury,,35-44
8.880528089,2.722784093,Quarter,2017 Q1,K04000001,,,Male,,Incidence rate,,Common assault with injury,,45-54
1.734629018,0.912550947,Quarter,2017 Q1,K04000001,,,Male,,Incidence rate,,Common assault with injury,,55-64
1.771828928,0.796806014,Quarter,2017 Q1,K04000001,,,Male,,Incidence rate,,Common assault with injury,,65-74
0,0,Quarter,2017 Q1,K04000001,,,Male,,Incidence rate,,Common assault with injury,,75+
19.52803045,5.114565164,Quarter,2017 Q1,K04000001,,,Female,,Incidence rate,,Common assault,,16-24
14.71162759,1.46012739,Quarter,2017 Q1,K04000001,,,Female,,Incidence rate,,Common assault,,16+
20.09199337,3.96190011,Quarter,2017 Q1,K04000001,,,Female,,Incidence rate,,Common assault,,25-34
17.41806115,3.172686841,Quarter,2017 Q1,K04000001,,,Female,,Incidence rate,,Common assault,,35-44
21.52656052,4.80354563,Quarter,2017 Q1,K04000001,,,Female,,Incidence rate,,Common assault,,45-54
12.07693618,2.871404989,Quarter,2017 Q1,K04000001,,,Female,,Incidence rate,,Common assault,,55-64
4.386059005,1.660125349,Quarter,2017 Q1,K04000001,,,Female,,Incidence rate,,Common assault,,65-74
0.967175535,0.571359823,Quarter,2017 Q1,K04000001,,,Female,,Incidence rate,,Common assault,,75+
65.09178729,11.51168927,Quarter,2017 Q1,K04000001,,,Male,,Incidence rate,,Common assault,,16-24
26.25986014,2.273824237,Quarter,2017 Q1,K04000001,,,Male,,Incidence rate,,Common assault,,16+
28.76490034,5.192225817,Quarter,2017 Q1,K04000001,,,Male,,Incidence rate,,Common assault,,25-34
23.44668378,4.626932817,Quarter,2017 Q1,K04000001,,,Male,,Incidence rate,,Common assault,,35-44
30.64378457,5.199413111,Quarter,2017 Q1,K04000001,,,Male,,Incidence rate,,Common assault,,45-54
12.3453325,3.876212313,Quarter,2017 Q1,K04000001,,,Male,,Incidence rate,,Common assault,,55-64
8.809810158,2.683885481,Quarter,2017 Q1,K04000001,,,Male,,Incidence rate,,Common assault,,65-74
2.334946745,1.106358797,Quarter,2017 Q1,K04000001,,,Male,,Incidence rate,,Common assault,,75+
12.72827352,4.575538075,Quarter,2017 Q1,K04000001,,,Female,,Incidence rate,,Common assault with no injury,,16-24
9.698327568,1.176126605,Quarter,2017 Q1,K04000001,,,Female,,Incidence rate,,Common assault with no injury,,16+
12.79225322,3.005143278,Quarter,2017 Q1,K04000001,,,Female,,Incidence rate,,Common assault with no injury,,25-34
10.61463569,2.35583849,Quarter,2017 Q1,K04000001,,,Female,,Incidence rate,,Common assault with no injury,,35-44
14.76875276,3.962703403,Quarter,2017 Q1,K04000001,,,Female,,Incidence rate,,Common assault with no injury,,45-54
7.96027389,2.458947643,Quarter,2017 Q1,K04000001,,,Female,,Incidence rate,,Common assault with no injury,,55-64
3.654772821,1.597048786,Quarter,2017 Q1,K04000001,,,Female,,Incidence rate,,Common assault with no injury,,65-74
0.967175535,0.571359823,Quarter,2017 Q1,K04000001,,,Female,,Incidence rate,,Common assault with no injury,,75+
39.51773364,8.798752179,Quarter,2017 Q1,K04000001,,,Male,,Incidence rate,,Common assault with no injury,,16-24
18.72015465,1.902935916,Quarter,2017 Q1,K04000001,,,Male,,Incidence rate,,Common assault with no injury,,16+
21.87877035,4.605321307,Quarter,2017 Q1,K04000001,,,Male,,Incidence rate,,Common assault with no injury,,25-34
18.70851402,4.26499931,Quarter,2017 Q1,K04000001,,,Male,,Incidence rate,,Common assault with no injury,,35-44
21.76325648,4.411493934,Quarter,2017 Q1,K04000001,,,Male,,Incidence rate,,Common assault with no injury,,45-54
10.61070348,3.751250971,Quarter,2017 Q1,K04000001,,,Male,,Incidence rate,,Common assault with no injury,,55-64
7.03798123,2.479169062,Quarter,2017 Q1,K04000001,,,Male,,Incidence rate,,Common assault with no injury,,65-74
2.334946745,1.106358797,Quarter,2017 Q1,K04000001,,,Male,,Incidence rate,,Common assault with no injury,,75+
13.87803922,5.907670574,Quarter,2017 Q1,K04000001,,,Female,,Incidence rate,,Domestic violence,,16-24
7.687356083,1.252658988,Quarter,2017 Q1,K04000001,,,Female,,Incidence rate,,Domestic violence,,16+
11.7551483,2.775131012,Quarter,2017 Q1,K04000001,,,Female,,Incidence rate,,Domestic violence,,25-34
5.529647336,1.960170348,Quarter,2017 Q1,K04000001,,,Female,,Incidence rate,,Domestic violence,,35-44
12.81396276,4.377658342,Quarter,2017 Q1,K04000001,,,Female,,Incidence rate,,Domestic violence,,45-54
3.345629869,1.649091211,Quarter,2017 Q1,K04000001,,,Female,,Incidence rate,,Domestic violence,,55-64
3.013895868,1.545345611,Quarter,2017 Q1,K04000001,,,Female,,Incidence rate,,Domestic violence,,65-74
0,0,Quarter,2017 Q1,K04000001,,,Female,,Incidence rate,,Domestic violence,,75+
6.46918948,3.017770116,Quarter,2017 Q1,K04000001,,,Male,,Incidence rate,,Domestic violence,,16-24
2.835565802,0.630956666,Quarter,2017 Q1,K04000001,,,Male,,Incidence rate,,Domestic violence,,16+
2.081246918,0.834503057,Quarter,2017 Q1,K04000001,,,Male,,Incidence rate,,Domestic violence,,25-34
3.16142222,1.466402433,Quarter,2017 Q1,K04000001,,,Male,,Incidence rate,,Domestic violence,,35-44
5.545145259,2.131739002,Quarter,2017 Q1,K04000001,,,Male,,Incidence rate,,Domestic violence,,45-54
0.236911546,0.23684955,Quarter,2017 Q1,K04000001,,,Male,,Incidence rate,,Domestic violence,,55-64
0.432279384,0.432519277,Quarter,2017 Q1,K04000001,,,Male,,Incidence rate,,Domestic violence,,65-74
0,0,Quarter,2017 Q1,K04000001,,,Male,,Incidence rate,,Domestic violence,,75+
5.77859508,2.044510989,Quarter,2017 Q1,K04000001,,,Female,,Incidence rate,,Mugging,,16-24
2.873409277,0.526206328,Quarter,2017 Q1,K04000001,,,Female,,Incidence rate,,Mugging,,16+
3.054053033,1.025967628,Quarter,2017 Q1,K04000001,,,Female,,Incidence rate,,Mugging,,25-34
5.484002872,2.311460184,Quarter,2017 Q1,K04000001,,,Female,,Incidence rate,,Mugging,,35-44
2.275334345,1.01862256,Quarter,2017 Q1,K04000001,,,Female,,Incidence rate,,Mugging,,45-54
1.36947785,0.62610975,Quarter,2017 Q1,K04000001,,,Female,,Incidence rate,,Mugging,,55-64
0.617713315,0.365324877,Quarter,2017 Q1,K04000001,,,Female,,Incidence rate,,Mugging,,65-74
0.882440493,0.517428075,Quarter,2017 Q1,K04000001,,,Female,,Incidence rate,,Mugging,,75+
8.867160585,2.522045914,Quarter,2017 Q1,K04000001,,,Male,,Incidence rate,,Mugging,,16-24
4.45652028,0.849456827,Quarter,2017 Q1,K04000001,,,Male,,Incidence rate,,Mugging,,16+
3.61455848,1.283423243,Quarter,2017 Q1,K04000001,,,Male,,Incidence rate,,Mugging,,25-34
3.060254735,1.179206015,Quarter,2017 Q1,K04000001,,,Male,,Incidence rate,,Mugging,,35-44
8.868937146,3.765887465,Quarter,2017 Q1,K04000001,,,Male,,Incidence rate,,Mugging,,45-54
2.270907758,1.328465835,Quarter,2017 Q1,K04000001,,,Male,,Incidence rate,,Mugging,,55-64
1.344652219,0.907266485,Quarter,2017 Q1,K04000001,,,Male,,Incidence rate,,Mugging,,65-74
0.581938828,0.436011352,Quarter,2017 Q1,K04000001,,,Male,,Incidence rate,,Mugging,,75+
26.42576882,5.206511754,Quarter,2017 Q1,K04000001,,,Female,,Incidence rate,,Other personal theft,,16-24
12.92685202,1.076237272,Quarter,2017 Q1,K04000001,,,Female,,Incidence rate,,Other personal theft,,16+
14.96972612,2.609731182,Quarter,2017 Q1,K04000001,,,Female,,Incidence rate,,Other personal theft,,25-34
17.54453787,2.800348462,Quarter,2017 Q1,K04000001,,,Female,,Incidence rate,,Other personal theft,,35-44
10.6316389,1.993274027,Quarter,2017 Q1,K04000001,,,Female,,Incidence rate,,Other personal theft,,45-54
7.570344869,1.80613958,Quarter,2017 Q1,K04000001,,,Female,,Incidence rate,,Other personal theft,,55-64
5.15316607,1.365280245,Quarter,2017 Q1,K04000001,,,Female,,Incidence rate,,Other personal theft,,65-74
6.783140704,1.901885427,Quarter,2017 Q1,K04000001,,,Female,,Incidence rate,,Other personal theft,,75+
27.57941754,6.007954583,Quarter,2017 Q1,K04000001,,,Male,,Incidence rate,,Other personal theft,,16-24
14.83271029,1.301571843,Quarter,2017 Q1,K04000001,,,Male,,Incidence rate,,Other personal theft,,16+
19.4084052,3.272334722,Quarter,2017 Q1,K04000001,,,Male,,Incidence rate,,Other personal theft,,25-34
10.72434114,2.181667941,Quarter,2017 Q1,K04000001,,,Male,,Incidence rate,,Other personal theft,,35-44
13.43647592,2.918452124,Quarter,2017 Q1,K04000001,,,Male,,Incidence rate,,Other personal theft,,45-54
13.661175,3.046329154,Quarter,2017 Q1,K04000001,,,Male,,Incidence rate,,Other personal theft,,55-64
8.943201125,2.358591836,Quarter,2017 Q1,K04000001,,,Male,,Incidence rate,,Other personal theft,,65-74
5.769862471,2.107649511,Quarter,2017 Q1,K04000001,,,Male,,Incidence rate,,Other personal theft,,75+
4.736511278,1.871553332,Quarter,2017 Q1,K04000001,,,Female,,Incidence rate,,Robbery,,16-24
1.749641902,0.386466413,Quarter,2017 Q1,K04000001,,,Female,,Incidence rate,,Robbery,,16+
1.325105458,0.543310151,Quarter,2017 Q1,K04000001,,,Female,,Incidence rate,,Robbery,,25-34
2.278701109,1.381846872,Quarter,2017 Q1,K04000001,,,Female,,Incidence rate,,Robbery,,35-44
1.834049576,0.968963891,Quarter,2017 Q1,K04000001,,,Female,,Incidence rate,,Robbery,,45-54
0.775749825,0.450406001,Quarter,2017 Q1,K04000001,,,Female,,Incidence rate,,Robbery,,55-64
0.617713315,0.365324877,Quarter,2017 Q1,K04000001,,,Female,,Incidence rate,,Robbery,,65-74
0.550100528,0.396577734,Quarter,2017 Q1,K04000001,,,Female,,Incidence rate,,Robbery,,75+
7.623142173,2.375394355,Quarter,2017 Q1,K04000001,,,Male,,Incidence rate,,Robbery,,16-24
3.8572232,0.816110481,Quarter,2017 Q1,K04000001,,,Male,,Incidence rate,,Robbery,,16+
2.461788844,1.084255465,Quarter,2017 Q1,K04000001,,,Male,,Incidence rate,,Robbery,,25-34
2.958015775,1.174897044,Quarter,2017 Q1,K04000001,,,Male,,Incidence rate,,Robbery,,35-44
8.237385998,3.713829846,Quarter,2017 Q1,K04000001,,,Male,,Incidence rate,,Robbery,,45-54
1.582859485,1.024438372,Quarter,2017 Q1,K04000001,,,Male,,Incidence rate,,Robbery,,55-64
1.344652219,0.907266485,Quarter,2017 Q1,K04000001,,,Male,,Incidence rate,,Robbery,,65-74
0.581938828,0.436011352,Quarter,2017 Q1,K04000001,,,Male,,Incidence rate,,Robbery,,75+
1.042083802,0.825440485,Quarter,2017 Q1,K04000001,,,Female,,Incidence rate,,Snatch theft,,16-24
1.123767375,0.354882643,Quarter,2017 Q1,K04000001,,,Female,,Incidence rate,,Snatch theft,,16+
1.728947574,0.870176073,Quarter,2017 Q1,K04000001,,,Female,,Incidence rate,,Snatch theft,,25-34
3.205301763,1.854457444,Quarter,2017 Q1,K04000001,,,Female,,Incidence rate,,Snatch theft,,35-44
0.441284769,0.316489864,Quarter,2017 Q1,K04000001,,,Female,,Incidence rate,,Snatch theft,,45-54
0.593728024,0.43533942,Quarter,2017 Q1,K04000001,,,Female,,Incidence rate,,Snatch theft,,55-64
0,0,Quarter,2017 Q1,K04000001,,,Female,,Incidence rate,,Snatch theft,,65-74
0.332339965,0.332344473,Quarter,2017 Q1,K04000001,,,Female,,Incidence rate,,Snatch theft,,75+
1.244018412,0.876498439,Quarter,2017 Q1,K04000001,,,Male,,Incidence rate,,Snatch theft,,16-24
0.59929708,0.217046156,Quarter,2017 Q1,K04000001,,,Male,,Incidence rate,,Snatch theft,,16+
1.152769636,0.688023224,Quarter,2017 Q1,K04000001,,,Male,,Incidence rate,,Snatch theft,,25-34
0.102238959,0.102221796,Quarter,2017 Q1,K04000001,,,Male,,Incidence rate,,Snatch theft,,35-44
0.631551149,0.631322849,Quarter,2017 Q1,K04000001,,,Male,,Incidence rate,,Snatch theft,,45-54
0.688048273,0.508640548,Quarter,2017 Q1,K04000001,,,Male,,Incidence rate,,Snatch theft,,55-64
0,0,Quarter,2017 Q1,K04000001,,,Male,,Incidence rate,,Snatch theft,,65-74
0,0,Quarter,2017 Q1,K04000001,,,Male,,Incidence rate,,Snatch theft,,75+
6.674038973,2.812285519,Quarter,2017 Q1,K04000001,,,Female,,Incidence rate,,Attempted snatch and stealth theft,,16-24
2.816743791,0.533501942,Quarter,2017 Q1,K04000001,,,Female,,Incidence rate,,Attempted snatch and stealth theft,,16+
3.033772561,1.035964657,Quarter,2017 Q1,K04000001,,,Female,,Incidence rate,,Attempted snatch and stealth theft,,25-34
3.968931436,1.659806568,Quarter,2017 Q1,K04000001,,,Female,,Incidence rate,,Attempted snatch and stealth theft,,35-44
2.049042159,0.887779577,Quarter,2017 Q1,K04000001,,,Female,,Incidence rate,,Attempted snatch and stealth theft,,45-54
2.188161256,1.075976924,Quarter,2017 Q1,K04000001,,,Female,,Incidence rate,,Attempted snatch and stealth theft,,55-64
0.700054974,0.432716073,Quarter,2017 Q1,K04000001,,,Female,,Incidence rate,,Attempted snatch and stealth theft,,65-74
0.736015089,0.523359285,Quarter,2017 Q1,K04000001,,,Female,,Incidence rate,,Attempted snatch and stealth theft,,75+
8.022717169,2.964535439,Quarter,2017 Q1,K04000001,,,Male,,Incidence rate,,Attempted snatch and stealth theft,,16-24
3.029660787,0.613136956,Quarter,2017 Q1,K04000001,,,Male,,Incidence rate,,Attempted snatch and stealth theft,,16+
3.267471487,1.442752538,Quarter,2017 Q1,K04000001,,,Male,,Incidence rate,,Attempted snatch and stealth theft,,25-34
2.467337958,1.64018887,Quarter,2017 Q1,K04000001,,,Male,,Incidence rate,,Attempted snatch and stealth theft,,35-44
3.129736818,1.161249296,Quarter,2017 Q1,K04000001,,,Male,,Incidence rate,,Attempted snatch and stealth theft,,45-54
1.923521155,1.095906465,Quarter,2017 Q1,K04000001,,,Male,,Incidence rate,,Attempted snatch and stealth theft,,55-64
1.008052358,0.715065833,Quarter,2017 Q1,K04000001,,,Male,,Incidence rate,,Attempted snatch and stealth theft,,65-74
0,0,Quarter,2017 Q1,K04000001,,,Male,,Incidence rate,,Attempted snatch and stealth theft,,75+
14.42286456,3.72860657,Quarter,2017 Q1,K04000001,,,Female,,Incidence rate,,Stealth theft,,16-24
5.444875515,0.69782535,Quarter,2017 Q1,K04000001,,,Female,,Incidence rate,,Stealth theft,,16+
6.070384822,1.534548699,Quarter,2017 Q1,K04000001,,,Female,,Incidence rate,,Stealth theft,,25-34
6.184142432,2.222766344,Quarter,2017 Q1,K04000001,,,Female,,Incidence rate,,Stealth theft,,35-44
2.351043207,0.746419211,Quarter,2017 Q1,K04000001,,,Female,,Incidence rate,,Stealth theft,,45-54
1.564924266,0.743298975,Quarter,2017 Q1,K04000001,,,Female,,Incidence rate,,Stealth theft,,55-64
4.48942312,1.24035005,Quarter,2017 Q1,K04000001,,,Female,,Incidence rate,,Stealth theft,,65-74
4.020165306,1.355861674,Quarter,2017 Q1,K04000001,,,Female,,Incidence rate,,Stealth theft,,75+
6.209001979,2.540362842,Quarter,2017 Q1,K04000001,,,Male,,Incidence rate,,Stealth theft,,16-24
2.824705309,0.542877497,Quarter,2017 Q1,K04000001,,,Male,,Incidence rate,,Stealth theft,,16+
3.936189349,1.507865243,Quarter,2017 Q1,K04000001,,,Male,,Incidence rate,,Stealth theft,,25-34
1.13575769,0.68236166,Quarter,2017 Q1,K04000001,,,Male,,Incidence rate,,Stealth theft,,35-44
2.831349394,1.260442311,Quarter,2017 Q1,K04000001,,,Male,,Incidence rate,,Stealth theft,,45-54
1.713234995,0.992233126,Quarter,2017 Q1,K04000001,,,Male,,Incidence rate,,Stealth theft,,55-64
2.628162012,1.18868999,Quarter,2017 Q1,K04000001,,,Male,,Incidence rate,,Stealth theft,,65-74
0.391648559,0.391635717,Quarter,2017 Q1,K04000001,,,Male,,Incidence rate,,Stealth theft,,75+
7.100868995,2.287405999,Quarter,2017 Q1,K04000001,,,Female,,Incidence rate,,Stranger violence,,16-24
4.155610523,0.568450398,Quarter,2017 Q1,K04000001,,,Female,,Incidence rate,,Stranger violence,,16+
6.156099106,1.790602331,Quarter,2017 Q1,K04000001,,,Female,,Incidence rate,,Stranger violence,,25-34
6.110320694,1.764632599,Quarter,2017 Q1,K04000001,,,Female,,Incidence rate,,Stranger violence,,35-44
4.446564849,1.339066373,Quarter,2017 Q1,K04000001,,,Female,,Incidence rate,,Stranger violence,,45-54
2.187461502,0.890752857,Quarter,2017 Q1,K04000001,,,Female,,Incidence rate,,Stranger violence,,55-64
1.153165137,0.594934685,Quarter,2017 Q1,K04000001,,,Female,,Incidence rate,,Stranger violence,,65-74
0.278663268,0.278661311,Quarter,2017 Q1,K04000001,,,Female,,Incidence rate,,Stranger violence,,75+
52.37290549,10.94964069,Quarter,2017 Q1,K04000001,,,Male,,Incidence rate,,Stranger violence,,16-24
19.13359835,1.982791477,Quarter,2017 Q1,K04000001,,,Male,,Incidence rate,,Stranger violence,,16+
23.27872017,4.718040596,Quarter,2017 Q1,K04000001,,,Male,,Incidence rate,,Stranger violence,,25-34
16.23874754,3.34310944,Quarter,2017 Q1,K04000001,,,Male,,Incidence rate,,Stranger violence,,35-44
19.68616682,3.998153201,Quarter,2017 Q1,K04000001,,,Male,,Incidence rate,,Stranger violence,,45-54
7.129560205,2.955095419,Quarter,2017 Q1,K04000001,,,Male,,Incidence rate,,Stranger violence,,55-64
4.755918121,2.269845177,Quarter,2017 Q1,K04000001,,,Male,,Incidence rate,,Stranger violence,,65-74
1.521212356,0.765812568,Quarter,2017 Q1,K04000001,,,Male,,Incidence rate,,Stranger violence,,75+
22.13898734,4.794516628,Quarter,2017 Q1,K04000001,,,Female,,Incidence rate,,Theft from the person,,16-24
9.385386681,0.95360225,Quarter,2017 Q1,K04000001,,,Female,,Incidence rate,,Theft from the person,,16+
10.83310496,2.031053836,Quarter,2017 Q1,K04000001,,,Female,,Incidence rate,,Theft from the person,,25-34
13.35837563,3.33425949,Quarter,2017 Q1,K04000001,,,Female,,Incidence rate,,Theft from the person,,35-44
4.841370134,1.197753853,Quarter,2017 Q1,K04000001,,,Female,,Incidence rate,,Theft from the person,,45-54
4.346813546,1.362411647,Quarter,2017 Q1,K04000001,,,Female,,Incidence rate,,Theft from the person,,55-64
5.189478094,1.312851772,Quarter,2017 Q1,K04000001,,,Female,,Incidence rate,,Theft from the person,,65-74
5.08852036,1.486837703,Quarter,2017 Q1,K04000001,,,Female,,Incidence rate,,Theft from the person,,75+
15.47573756,3.976616128,Quarter,2017 Q1,K04000001,,,Male,,Incidence rate,,Theft from the person,,16-24
6.453663176,0.847268243,Quarter,2017 Q1,K04000001,,,Male,,Incidence rate,,Theft from the person,,16+
8.356430471,2.1943801,Quarter,2017 Q1,K04000001,,,Male,,Incidence rate,,Theft from the person,,25-34
3.705334607,1.779291035,Quarter,2017 Q1,K04000001,,,Male,,Incidence rate,,Theft from the person,,35-44
6.59263736,1.824031363,Quarter,2017 Q1,K04000001,,,Male,,Incidence rate,,Theft from the person,,45-54
4.324804423,1.560531073,Quarter,2017 Q1,K04000001,,,Male,,Incidence rate,,Theft from the person,,55-64
3.636214371,1.386160552,Quarter,2017 Q1,K04000001,,,Male,,Incidence rate,,Theft from the person,,65-74
0.391648559,0.391635717,Quarter,2017 Q1,K04000001,,,Male,,Incidence rate,,Theft from the person,,75+
48.56475616,7.314071064,Quarter,2017 Q1,K04000001,,,Female,,Incidence rate,,All personal theft,,16-24
22.3122387,1.464521949,Quarter,2017 Q1,K04000001,,,Female,,Incidence rate,,All personal theft,,16+
25.80283108,3.285914282,Quarter,2017 Q1,K04000001,,,Female,,Incidence rate,,All personal theft,,25-34
30.9029135,4.344280257,Quarter,2017 Q1,K04000001,,,Female,,Incidence rate,,All personal theft,,35-44
15.47300903,2.496256658,Quarter,2017 Q1,K04000001,,,Female,,Incidence rate,,All personal theft,,45-54
11.91715842,2.31495929,Quarter,2017 Q1,K04000001,,,Female,,Incidence rate,,All personal theft,,55-64
10.34264416,1.911884372,Quarter,2017 Q1,K04000001,,,Female,,Incidence rate,,All personal theft,,65-74
11.87166106,2.412132769,Quarter,2017 Q1,K04000001,,,Female,,Incidence rate,,All personal theft,,75+
43.0551551,7.293966771,Quarter,2017 Q1,K04000001,,,Male,,Incidence rate,,All personal theft,,16-24
21.28637347,1.564484845,Quarter,2017 Q1,K04000001,,,Male,,Incidence rate,,All personal theft,,16+
27.76483567,3.928879222,Quarter,2017 Q1,K04000001,,,Male,,Incidence rate,,All personal theft,,25-34
14.42967575,2.892096355,Quarter,2017 Q1,K04000001,,,Male,,Incidence rate,,All personal theft,,35-44
20.02911328,3.430057714,Quarter,2017 Q1,K04000001,,,Male,,Incidence rate,,All personal theft,,45-54
17.98597943,3.428405034,Quarter,2017 Q1,K04000001,,,Male,,Incidence rate,,All personal theft,,55-64
12.5794155,2.730601609,Quarter,2017 Q1,K04000001,,,Male,,Incidence rate,,All personal theft,,65-74
6.16151103,2.143191437,Quarter,2017 Q1,K04000001,,,Male,,Incidence rate,,All personal theft,,75+
89.48365827,11.10321019,Quarter,2017 Q1,K04000001,,,Female,,Incidence rate,,All personal crime,,16-24
44.54335781,2.477121898,Quarter,2017 Q1,K04000001,,,Female,,Incidence rate,,All personal crime,,16+
54.78336879,5.683394178,Quarter,2017 Q1,K04000001,,,Female,,Incidence rate,,All personal crime,,25-34
51.67561267,5.682605301,Quarter,2017 Q1,K04000001,,,Female,,Incidence rate,,All personal crime,,35-44
49.1785431,6.954814185,Quarter,2017 Q1,K04000001,,,Female,,Incidence rate,,All personal crime,,45-54
27.46587301,4.176528971,Quarter,2017 Q1,K04000001,,,Female,,Incidence rate,,All personal crime,,55-64
15.588984,2.598151425,Quarter,2017 Q1,K04000001,,,Female,,Incidence rate,,All personal crime,,65-74
13.38893713,2.5091572,Quarter,2017 Q1,K04000001,,,Female,,Incidence rate,,All personal crime,,75+
138.771187,16.9881571,Quarter,2017 Q1,K04000001,,,Male,,Incidence rate,,All personal crime,,16-24
58.60743311,3.379497022,Quarter,2017 Q1,K04000001,,,Male,,Incidence rate,,All personal crime,,16+
66.87027287,7.807929799,Quarter,2017 Q1,K04000001,,,Male,,Incidence rate,,All personal crime,,25-34
48.68998805,6.148189425,Quarter,2017 Q1,K04000001,,,Male,,Incidence rate,,All personal crime,,35-44
65.4342289,8.28892281,Quarter,2017 Q1,K04000001,,,Male,,Incidence rate,,All personal crime,,45-54
32.76636193,5.298037227,Quarter,2017 Q1,K04000001,,,Male,,Incidence rate,,All personal crime,,55-64
23.31164138,3.957563885,Quarter,2017 Q1,K04000001,,,Male,,Incidence rate,,All personal crime,,65-74
9.452768763,2.47255515,Quarter,2017 Q1,K04000001,,,Male,,Incidence rate,,All personal crime,,75+
12.72827352,4.575538075,Quarter,2017 Q1,K04000001,,,Female,,Incidence rate,,Violence without injury,,16-24
9.698327568,1.176126605,Quarter,2017 Q1,K04000001,,,Female,,Incidence rate,,Violence without injury,,16+
12.79225322,3.005143278,Quarter,2017 Q1,K04000001,,,Female,,Incidence rate,,Violence without injury,,25-34
10.61463569,2.35583849,Quarter,2017 Q1,K04000001,,,Female,,Incidence rate,,Violence without injury,,35-44
14.76875276,3.962703403,Quarter,2017 Q1,K04000001,,,Female,,Incidence rate,,Violence without injury,,45-54
7.96027389,2.458947643,Quarter,2017 Q1,K04000001,,,Female,,Incidence rate,,Violence without injury,,55-64
3.654772821,1.597048786,Quarter,2017 Q1,K04000001,,,Female,,Incidence rate,,Violence without injury,,65-74
0.967175535,0.571359823,Quarter,2017 Q1,K04000001,,,Female,,Incidence rate,,Violence without injury,,75+
39.51773364,8.798752179,Quarter,2017 Q1,K04000001,,,Male,,Incidence rate,,Violence without injury,,16-24
18.72015465,1.902935916,Quarter,2017 Q1,K04000001,,,Male,,Incidence rate,,Violence without injury,,16+
21.87877035,4.605321307,Quarter,2017 Q1,K04000001,,,Male,,Incidence rate,,Violence without injury,,25-34
18.70851402,4.26499931,Quarter,2017 Q1,K04000001,,,Male,,Incidence rate,,Violence without injury,,35-44
21.76325648,4.411493934,Quarter,2017 Q1,K04000001,,,Male,,Incidence rate,,Violence without injury,,45-54
10.61070348,3.751250971,Quarter,2017 Q1,K04000001,,,Male,,Incidence rate,,Violence without injury,,55-64
7.03798123,2.479169062,Quarter,2017 Q1,K04000001,,,Male,,Incidence rate,,Violence without injury,,65-74
2.334946745,1.106358797,Quarter,2017 Q1,K04000001,,,Male,,Incidence rate,,Violence without injury,,75+
36.18239083,7.944883233,Quarter,2017 Q1,K04000001,,,Female,,Incidence rate,,All violence,,16-24
20.48147721,1.892347549,Quarter,2017 Q1,K04000001,,,Female,,Incidence rate,,All violence,,16+
27.65543226,4.612745256,Quarter,2017 Q1,K04000001,,,Female,,Incidence rate,,All violence,,25-34
18.49399805,3.22519521,Quarter,2017 Q1,K04000001,,,Female,,Incidence rate,,All violence,,35-44
31.87148449,6.297175718,Quarter,2017 Q1,K04000001,,,Female,,Incidence rate,,All violence,,45-54
14.77296477,3.241298138,Quarter,2017 Q1,K04000001,,,Female,,Incidence rate,,All violence,,55-64
4.628626519,1.677745558,Quarter,2017 Q1,K04000001,,,Female,,Incidence rate,,All violence,,65-74
0.967175535,0.571359823,Quarter,2017 Q1,K04000001,,,Female,,Incidence rate,,All violence,,75+
88.09288972,13.84760108,Quarter,2017 Q1,K04000001,,,Male,,Incidence rate,,All violence,,16-24
33.46383644,2.641183542,Quarter,2017 Q1,K04000001,,,Male,,Incidence rate,,All violence,,16+
36.64364836,6.400009301,Quarter,2017 Q1,K04000001,,,Male,,Incidence rate,,All violence,,25-34
31.30229652,5.220097113,Quarter,2017 Q1,K04000001,,,Male,,Incidence rate,,All violence,,35-44
37.16772963,5.55059532,Quarter,2017 Q1,K04000001,,,Male,,Incidence rate,,All violence,,45-54
13.19752302,3.897232364,Quarter,2017 Q1,K04000001,,,Male,,Incidence rate,,All violence,,55-64
9.387573666,2.715476933,Quarter,2017 Q1,K04000001,,,Male,,Incidence rate,,All violence,,65-74
2.709318904,1.167677149,Quarter,2017 Q1,K04000001,,,Male,,Incidence rate,,All violence,,75+
23.45411732,6.527808309,Quarter,2017 Q1,K04000001,,,Female,,Incidence rate,,Violence with injury,,16-24
10.78314964,1.382894486,Quarter,2017 Q1,K04000001,,,Female,,Incidence rate,,Violence with injury,,16+
14.86317904,3.124407134,Quarter,2017 Q1,K04000001,,,Female,,Incidence rate,,Violence with injury,,25-34
7.879362361,2.211109394,Quarter,2017 Q1,K04000001,,,Female,,Incidence rate,,Violence with injury,,35-44
17.10273173,4.836110396,Quarter,2017 Q1,K04000001,,,Female,,Incidence rate,,Violence with injury,,45-54
6.81269088,2.080017354,Quarter,2017 Q1,K04000001,,,Female,,Incidence rate,,Violence with injury,,55-64
0.973853698,0.514845604,Quarter,2017 Q1,K04000001,,,Female,,Incidence rate,,Violence with injury,,65-74
0,0,Quarter,2017 Q1,K04000001,,,Female,,Incidence rate,,Violence with injury,,75+
48.57515609,10.22003477,Quarter,2017 Q1,K04000001,,,Male,,Incidence rate,,Violence with injury,,16-24
14.74368179,1.775565951,Quarter,2017 Q1,K04000001,,,Male,,Incidence rate,,Violence with injury,,16+
14.76487801,4.271391421,Quarter,2017 Q1,K04000001,,,Male,,Incidence rate,,Violence with injury,,25-34
12.5937825,2.992507305,Quarter,2017 Q1,K04000001,,,Male,,Incidence rate,,Violence with injury,,35-44
15.40447314,3.31649051,Quarter,2017 Q1,K04000001,,,Male,,Incidence rate,,Violence with injury,,45-54
2.586819531,1.003706493,Quarter,2017 Q1,K04000001,,,Male,,Incidence rate,,Violence with injury,,55-64
2.349592435,0.901199041,Quarter,2017 Q1,K04000001,,,Male,,Incidence rate,,Violence with injury,,65-74
0.374372159,0.374370487,Quarter,2017 Q1,K04000001,,,Male,,Incidence rate,,Violence with injury,,75+
16.65436038,6.116556064,Quarter,2017 Q1,K04000001,,,Female,,Incidence rate,,Wounding,,16-24
5.769849617,1.127027705,Quarter,2017 Q1,K04000001,,,Female,,Incidence rate,,Wounding,,16+
7.563438887,2.027698779,Quarter,2017 Q1,K04000001,,,Female,,Incidence rate,,Wounding,,25-34
1.075936905,0.591927549,Quarter,2017 Q1,K04000001,,,Female,,Incidence rate,,Wounding,,35-44
10.34492397,4.058078436,Quarter,2017 Q1,K04000001,,,Female,,Incidence rate,,Wounding,,45-54
2.696028587,1.483409335,Quarter,2017 Q1,K04000001,,,Female,,Incidence rate,,Wounding,,55-64
0.242567514,0.242570687,Quarter,2017 Q1,K04000001,,,Female,,Incidence rate,,Wounding,,65-74
0,0,Quarter,2017 Q1,K04000001,,,Female,,Incidence rate,,Wounding,,75+
23.00110243,7.437405763,Quarter,2017 Q1,K04000001,,,Male,,Incidence rate,,Wounding,,16-24
7.203976291,1.311234585,Quarter,2017 Q1,K04000001,,,Male,,Incidence rate,,Wounding,,16+
7.878748014,3.78305305,Quarter,2017 Q1,K04000001,,,Male,,Incidence rate,,Wounding,,25-34
7.855612749,2.426610646,Quarter,2017 Q1,K04000001,,,Male,,Incidence rate,,Wounding,,35-44
6.523945055,1.773830158,Quarter,2017 Q1,K04000001,,,Male,,Incidence rate,,Wounding,,45-54
0.852190513,0.42884027,Quarter,2017 Q1,K04000001,,,Male,,Incidence rate,,Wounding,,55-64
0.577763508,0.421743234,Quarter,2017 Q1,K04000001,,,Male,,Incidence rate,,Wounding,,65-74
0.374372159,0.374370487,Quarter,2017 Q1,K04000001,,,Male,,Incidence rate,,Wounding,,75+
1.234759489,0.347093471,Quarter,2017 Q1,K04000001,,,Female,,Prevalence rate,,Acquaintance violence,,16-24
0.533689445,0.06698213,Quarter,2017 Q1,K04000001,,,Female,,Prevalence rate,,Acquaintance violence,,16+
0.595593728,0.150756013,Quarter,2017 Q1,K04000001,,,Female,,Prevalence rate,,Acquaintance violence,,25-34
0.404012512,0.104505021,Quarter,2017 Q1,K04000001,,,Female,,Prevalence rate,,Acquaintance violence,,35-44
0.708978361,0.170385387,Quarter,2017 Q1,K04000001,,,Female,,Prevalence rate,,Acquaintance violence,,45-54
0.547603757,0.143327243,Quarter,2017 Q1,K04000001,,,Female,,Prevalence rate,,Acquaintance violence,,55-64
0.035206651,0.026614221,Quarter,2017 Q1,K04000001,,,Female,,Prevalence rate,,Acquaintance violence,,65-74
0.068851227,0.049890125,Quarter,2017 Q1,K04000001,,,Female,,Prevalence rate,,Acquaintance violence,,75+
1.667297006,0.382816767,Quarter,2017 Q1,K04000001,,,Male,,Prevalence rate,,Acquaintance violence,,16-24
0.659474561,0.075216445,Quarter,2017 Q1,K04000001,,,Male,,Prevalence rate,,Acquaintance violence,,16+
0.708052137,0.189298439,Quarter,2017 Q1,K04000001,,,Male,,Prevalence rate,,Acquaintance violence,,25-34
0.535847849,0.138558002,Quarter,2017 Q1,K04000001,,,Male,,Prevalence rate,,Acquaintance violence,,35-44
0.644978539,0.145656936,Quarter,2017 Q1,K04000001,,,Male,,Prevalence rate,,Acquaintance violence,,45-54
0.330083435,0.101140563,Quarter,2017 Q1,K04000001,,,Male,,Prevalence rate,,Acquaintance violence,,55-64
0.391183708,0.120601164,Quarter,2017 Q1,K04000001,,,Male,,Prevalence rate,,Acquaintance violence,,65-74
0.118810655,0.0882717,Quarter,2017 Q1,K04000001,,,Male,,Prevalence rate,,Acquaintance violence,,75+
13.94269628,1.071818963,Quarter,2017 Q1,K04000001,,,Female,,Prevalence rate,,All theft,,16-24
9.699635389,0.263183669,Quarter,2017 Q1,K04000001,,,Female,,Prevalence rate,,All theft,,16+
11.48306419,0.656683539,Quarter,2017 Q1,K04000001,,,Female,,Prevalence rate,,All theft,,25-34
12.6154598,0.672327135,Quarter,2017 Q1,K04000001,,,Female,,Prevalence rate,,All theft,,35-44
11.05516558,0.616923416,Quarter,2017 Q1,K04000001,,,Female,,Prevalence rate,,All theft,,45-54
7.887508838,0.621292031,Quarter,2017 Q1,K04000001,,,Female,,Prevalence rate,,All theft,,55-64
4.546820242,0.414928123,Quarter,2017 Q1,K04000001,,,Female,,Prevalence rate,,All theft,,65-74
3.750737135,0.408430892,Quarter,2017 Q1,K04000001,,,Female,,Prevalence rate,,All theft,,75+
12.37854796,1.05016557,Quarter,2017 Q1,K04000001,,,Male,,Prevalence rate,,All theft,,16-24
9.306360368,0.279858457,Quarter,2017 Q1,K04000001,,,Male,,Prevalence rate,,All theft,,16+
11.22222979,0.758910607,Quarter,2017 Q1,K04000001,,,Male,,Prevalence rate,,All theft,,25-34
10.36405244,0.66069942,Quarter,2017 Q1,K04000001,,,Male,,Prevalence rate,,All theft,,35-44
9.633307476,0.597682843,Quarter,2017 Q1,K04000001,,,Male,,Prevalence rate,,All theft,,45-54
8.542675599,0.605556709,Quarter,2017 Q1,K04000001,,,Male,,Prevalence rate,,All theft,,55-64
5.892420175,0.511228586,Quarter,2017 Q1,K04000001,,,Male,,Prevalence rate,,All theft,,65-74
3.827317407,0.481709705,Quarter,2017 Q1,K04000001,,,Male,,Prevalence rate,,All theft,,75+
0.679975694,0.232158226,Quarter,2017 Q1,K04000001,,,Female,,Prevalence rate,,Common assault with injury,,16-24
0.314885416,0.045045317,Quarter,2017 Q1,K04000001,,,Female,,Prevalence rate,,Common assault with injury,,16+
0.346682822,0.094566005,Quarter,2017 Q1,K04000001,,,Female,,Prevalence rate,,Common assault with injury,,25-34
0.35271742,0.104419621,Quarter,2017 Q1,K04000001,,,Female,,Prevalence rate,,Common assault with injury,,35-44
0.350623287,0.104840285,Quarter,2017 Q1,K04000001,,,Female,,Prevalence rate,,Common assault with injury,,45-54
0.323025003,0.11686057,Quarter,2017 Q1,K04000001,,,Female,,Prevalence rate,,Common assault with injury,,55-64
0.061316787,0.040544913,Quarter,2017 Q1,K04000001,,,Female,,Prevalence rate,,Common assault with injury,,65-74
0,0,Quarter,2017 Q1,K04000001,,,Female,,Prevalence rate,,Common assault with injury,,75+
1.541364113,0.366131144,Quarter,2017 Q1,K04000001,,,Male,,Prevalence rate,,Common assault with injury,,16-24
0.489398784,0.065208691,Quarter,2017 Q1,K04000001,,,Male,,Prevalence rate,,Common assault with injury,,16+
0.603664269,0.170309151,Quarter,2017 Q1,K04000001,,,Male,,Prevalence rate,,Common assault with injury,,25-34
0.281959459,0.087769547,Quarter,2017 Q1,K04000001,,,Male,,Prevalence rate,,Common assault with injury,,35-44
0.507380891,0.126567562,Quarter,2017 Q1,K04000001,,,Male,,Prevalence rate,,Common assault with injury,,45-54
0.099453547,0.058227601,Quarter,2017 Q1,K04000001,,,Male,,Prevalence rate,,Common assault with injury,,55-64
0.177182893,0.079680601,Quarter,2017 Q1,K04000001,,,Male,,Prevalence rate,,Common assault with injury,,65-74
0,0,Quarter,2017 Q1,K04000001,,,Male,,Prevalence rate,,Common assault with injury,,75+
1.63213548,0.378455736,Quarter,2017 Q1,K04000001,,,Female,,Prevalence rate,,Common assault,,16-24
0.941635308,0.081226204,Quarter,2017 Q1,K04000001,,,Female,,Prevalence rate,,Common assault,,16+
1.191554534,0.201204085,Quarter,2017 Q1,K04000001,,,Female,,Prevalence rate,,Common assault,,25-34
1.105904513,0.196402411,Quarter,2017 Q1,K04000001,,,Female,,Prevalence rate,,Common assault,,35-44
1.15646013,0.208962508,Quarter,2017 Q1,K04000001,,,Female,,Prevalence rate,,Common assault,,45-54
0.788523745,0.170834766,Quarter,2017 Q1,K04000001,,,Female,,Prevalence rate,,Common assault,,55-64
0.290491021,0.098500202,Quarter,2017 Q1,K04000001,,,Female,,Prevalence rate,,Common assault,,65-74
0.096717554,0.057135982,Quarter,2017 Q1,K04000001,,,Female,,Prevalence rate,,Common assault,,75+
4.125845242,0.596234542,Quarter,2017 Q1,K04000001,,,Male,,Prevalence rate,,Common assault,,16-24
1.630074741,0.119185127,Quarter,2017 Q1,K04000001,,,Male,,Prevalence rate,,Common assault,,16+
1.953741835,0.313803255,Quarter,2017 Q1,K04000001,,,Male,,Prevalence rate,,Common assault,,25-34
1.357017529,0.217620699,Quarter,2017 Q1,K04000001,,,Male,,Prevalence rate,,Common assault,,35-44
1.798917868,0.263178939,Quarter,2017 Q1,K04000001,,,Male,,Prevalence rate,,Common assault,,45-54
0.632558566,0.149678737,Quarter,2017 Q1,K04000001,,,Male,,Prevalence rate,,Common assault,,55-64
0.587548314,0.143168145,Quarter,2017 Q1,K04000001,,,Male,,Prevalence rate,,Common assault,,65-74
0.233494675,0.11063588,Quarter,2017 Q1,K04000001,,,Male,,Prevalence rate,,Common assault,,75+
0.952159786,0.300816859,Quarter,2017 Q1,K04000001,,,Female,,Prevalence rate,,Common assault with no injury,,16-24
0.647185345,0.067796324,Quarter,2017 Q1,K04000001,,,Female,,Prevalence rate,,Common assault with no injury,,16+
0.905657663,0.183461744,Quarter,2017 Q1,K04000001,,,Female,,Prevalence rate,,Common assault with no injury,,25-34
0.753187093,0.166703547,Quarter,2017 Q1,K04000001,,,Female,,Prevalence rate,,Common assault with no injury,,35-44
0.848094392,0.186601525,Quarter,2017 Q1,K04000001,,,Female,,Prevalence rate,,Common assault with no injury,,45-54
0.48606351,0.126795341,Quarter,2017 Q1,K04000001,,,Female,,Prevalence rate,,Common assault with no injury,,55-64
0.229174235,0.089828104,Quarter,2017 Q1,K04000001,,,Female,,Prevalence rate,,Common assault with no injury,,65-74
0.096717554,0.057135982,Quarter,2017 Q1,K04000001,,,Female,,Prevalence rate,,Common assault with no injury,,75+
2.850764471,0.499655966,Quarter,2017 Q1,K04000001,,,Male,,Prevalence rate,,Common assault with no injury,,16-24
1.215738295,0.103262957,Quarter,2017 Q1,K04000001,,,Male,,Prevalence rate,,Common assault with no injury,,16+
1.429385456,0.264879107,Quarter,2017 Q1,K04000001,,,Male,,Prevalence rate,,Common assault with no injury,,25-34
1.121929718,0.202707109,Quarter,2017 Q1,K04000001,,,Male,,Prevalence rate,,Common assault with no injury,,35-44
1.330499489,0.234978251,Quarter,2017 Q1,K04000001,,,Male,,Prevalence rate,,Common assault with no injury,,45-54
0.558981833,0.140377328,Quarter,2017 Q1,K04000001,,,Male,,Prevalence rate,,Common assault with no injury,,55-64
0.46157194,0.131427015,Quarter,2017 Q1,K04000001,,,Male,,Prevalence rate,,Common assault with no injury,,65-74
0.233494675,0.11063588,Quarter,2017 Q1,K04000001,,,Male,,Prevalence rate,,Common assault with no injury,,75+
0.763999291,0.237761223,Quarter,2017 Q1,K04000001,,,Female,,Prevalence rate,,Domestic violence,,16-24
0.383119305,0.048935004,Quarter,2017 Q1,K04000001,,,Female,,Prevalence rate,,Domestic violence,,16+
0.632115841,0.125715968,Quarter,2017 Q1,K04000001,,,Female,,Prevalence rate,,Domestic violence,,25-34
0.304208597,0.0970013,Quarter,2017 Q1,K04000001,,,Female,,Prevalence rate,,Domestic violence,,35-44
0.505400349,0.141775101,Quarter,2017 Q1,K04000001,,,Female,,Prevalence rate,,Domestic violence,,45-54
0.167138329,0.071763514,Quarter,2017 Q1,K04000001,,,Female,,Prevalence rate,,Domestic violence,,55-64
0.164224608,0.078870773,Quarter,2017 Q1,K04000001,,,Female,,Prevalence rate,,Domestic violence,,65-74
0,0,Quarter,2017 Q1,K04000001,,,Female,,Prevalence rate,,Domestic violence,,75+
0.46267178,0.211177375,Quarter,2017 Q1,K04000001,,,Male,,Prevalence rate,,Domestic violence,,16-24
0.190880147,0.039701521,Quarter,2017 Q1,K04000001,,,Male,,Prevalence rate,,Domestic violence,,16+
0.208124692,0.083450306,Quarter,2017 Q1,K04000001,,,Male,,Prevalence rate,,Domestic violence,,25-34
0.170277133,0.066810184,Quarter,2017 Q1,K04000001,,,Male,,Prevalence rate,,Domestic violence,,35-44
0.30819546,0.105531901,Quarter,2017 Q1,K04000001,,,Male,,Prevalence rate,,Domestic violence,,45-54
0.023691155,0.023684955,Quarter,2017 Q1,K04000001,,,Male,,Prevalence rate,,Domestic violence,,55-64
0.043227938,0.043251928,Quarter,2017 Q1,K04000001,,,Male,,Prevalence rate,,Domestic violence,,65-74
0,0,Quarter,2017 Q1,K04000001,,,Male,,Prevalence rate,,Domestic violence,,75+
0.577859508,0.204451099,Quarter,2017 Q1,K04000001,,,Female,,Prevalence rate,,Mugging,,16-24
0.253767471,0.041899242,Quarter,2017 Q1,K04000001,,,Female,,Prevalence rate,,Mugging,,16+
0.305405303,0.102596763,Quarter,2017 Q1,K04000001,,,Female,,Prevalence rate,,Mugging,,25-34
0.335724762,0.113446709,Quarter,2017 Q1,K04000001,,,Female,,Prevalence rate,,Mugging,,35-44
0.227533435,0.101862256,Quarter,2017 Q1,K04000001,,,Female,,Prevalence rate,,Mugging,,45-54
0.136947785,0.062610975,Quarter,2017 Q1,K04000001,,,Female,,Prevalence rate,,Mugging,,55-64
0.061771331,0.036532488,Quarter,2017 Q1,K04000001,,,Female,,Prevalence rate,,Mugging,,65-74
0.088244049,0.051742807,Quarter,2017 Q1,K04000001,,,Female,,Prevalence rate,,Mugging,,75+
0.886716058,0.252204591,Quarter,2017 Q1,K04000001,,,Male,,Prevalence rate,,Mugging,,16-24
0.357159248,0.055403067,Quarter,2017 Q1,K04000001,,,Male,,Prevalence rate,,Mugging,,16+
0.361455848,0.128342324,Quarter,2017 Q1,K04000001,,,Male,,Prevalence rate,,Mugging,,25-34
0.264066001,0.101942468,Quarter,2017 Q1,K04000001,,,Male,,Prevalence rate,,Mugging,,35-44
0.502062347,0.15598382,Quarter,2017 Q1,K04000001,,,Male,,Prevalence rate,,Mugging,,45-54
0.131521112,0.06280209,Quarter,2017 Q1,K04000001,,,Male,,Prevalence rate,,Mugging,,55-64
0.134465222,0.090726649,Quarter,2017 Q1,K04000001,,,Male,,Prevalence rate,,Mugging,,65-74
0.058193883,0.043601135,Quarter,2017 Q1,K04000001,,,Male,,Prevalence rate,,Mugging,,75+
2.489423595,0.485146325,Quarter,2017 Q1,K04000001,,,Female,,Prevalence rate,,Other personal theft,,16-24
1.207392739,0.099367953,Quarter,2017 Q1,K04000001,,,Female,,Prevalence rate,,Other personal theft,,16+
1.355238673,0.232512967,Quarter,2017 Q1,K04000001,,,Female,,Prevalence rate,,Other personal theft,,25-34
1.675668304,0.266550411,Quarter,2017 Q1,K04000001,,,Female,,Prevalence rate,,Other personal theft,,35-44
1.042352161,0.197689271,Quarter,2017 Q1,K04000001,,,Female,,Prevalence rate,,Other personal theft,,45-54
0.646485758,0.147183783,Quarter,2017 Q1,K04000001,,,Female,,Prevalence rate,,Other personal theft,,55-64
0.48838223,0.128322516,Quarter,2017 Q1,K04000001,,,Female,,Prevalence rate,,Other personal theft,,65-74
0.612609402,0.171483272,Quarter,2017 Q1,K04000001,,,Female,,Prevalence rate,,Other personal theft,,75+
2.355443897,0.488350031,Quarter,2017 Q1,K04000001,,,Male,,Prevalence rate,,Other personal theft,,16-24
1.288177033,0.106698978,Quarter,2017 Q1,K04000001,,,Male,,Prevalence rate,,Other personal theft,,16+
1.86768487,0.31907992,Quarter,2017 Q1,K04000001,,,Male,,Prevalence rate,,Other personal theft,,25-34
0.958490954,0.191230865,Quarter,2017 Q1,K04000001,,,Male,,Prevalence rate,,Other personal theft,,35-44
1.053653138,0.197412338,Quarter,2017 Q1,K04000001,,,Male,,Prevalence rate,,Other personal theft,,45-54
1.137863069,0.220863735,Quarter,2017 Q1,K04000001,,,Male,,Prevalence rate,,Other personal theft,,55-64
0.738533283,0.178048301,Quarter,2017 Q1,K04000001,,,Male,,Prevalence rate,,Other personal theft,,65-74
0.514731037,0.181236828,Quarter,2017 Q1,K04000001,,,Male,,Prevalence rate,,Other personal theft,,75+
0.473651128,0.187155333,Quarter,2017 Q1,K04000001,,,Female,,Prevalence rate,,Robbery,,16-24
0.159423383,0.033620418,Quarter,2017 Q1,K04000001,,,Female,,Prevalence rate,,Robbery,,16+
0.132510546,0.054331015,Quarter,2017 Q1,K04000001,,,Female,,Prevalence rate,,Robbery,,25-34
0.1294248,0.067596842,Quarter,2017 Q1,K04000001,,,Female,,Prevalence rate,,Robbery,,35-44
0.183404958,0.096896389,Quarter,2017 Q1,K04000001,,,Female,,Prevalence rate,,Robbery,,45-54
0.077574983,0.0450406,Quarter,2017 Q1,K04000001,,,Female,,Prevalence rate,,Robbery,,55-64
0.061771331,0.036532488,Quarter,2017 Q1,K04000001,,,Female,,Prevalence rate,,Robbery,,65-74
0.055010053,0.039657773,Quarter,2017 Q1,K04000001,,,Female,,Prevalence rate,,Robbery,,75+
0.762314217,0.237539435,Quarter,2017 Q1,K04000001,,,Male,,Prevalence rate,,Robbery,,16-24
0.300662668,0.051168175,Quarter,2017 Q1,K04000001,,,Male,,Prevalence rate,,Robbery,,16+
0.246178884,0.108425546,Quarter,2017 Q1,K04000001,,,Male,,Prevalence rate,,Robbery,,25-34
0.253842105,0.101443458,Quarter,2017 Q1,K04000001,,,Male,,Prevalence rate,,Robbery,,35-44
0.438907232,0.142798759,Quarter,2017 Q1,K04000001,,,Male,,Prevalence rate,,Robbery,,45-54
0.0866087,0.043916964,Quarter,2017 Q1,K04000001,,,Male,,Prevalence rate,,Robbery,,55-64
0.134465222,0.090726649,Quarter,2017 Q1,K04000001,,,Male,,Prevalence rate,,Robbery,,65-74
0.058193883,0.043601135,Quarter,2017 Q1,K04000001,,,Male,,Prevalence rate,,Robbery,,75+
0.10420838,0.082544048,Quarter,2017 Q1,K04000001,,,Female,,Prevalence rate,,Snatch theft,,16-24
0.094344088,0.024685845,Quarter,2017 Q1,K04000001,,,Female,,Prevalence rate,,Snatch theft,,16+
0.172894757,0.087017607,Quarter,2017 Q1,K04000001,,,Female,,Prevalence rate,,Snatch theft,,25-34
0.206299962,0.091219693,Quarter,2017 Q1,K04000001,,,Female,,Prevalence rate,,Snatch theft,,35-44
0.044128477,0.031648986,Quarter,2017 Q1,K04000001,,,Female,,Prevalence rate,,Snatch theft,,45-54
0.059372802,0.043533942,Quarter,2017 Q1,K04000001,,,Female,,Prevalence rate,,Snatch theft,,55-64
0,0,Quarter,2017 Q1,K04000001,,,Female,,Prevalence rate,,Snatch theft,,65-74
0.033233996,0.033234447,Quarter,2017 Q1,K04000001,,,Female,,Prevalence rate,,Snatch theft,,75+
0.124401841,0.087649844,Quarter,2017 Q1,K04000001,,,Male,,Prevalence rate,,Snatch theft,,16-24
0.059929708,0.021704616,Quarter,2017 Q1,K04000001,,,Male,,Prevalence rate,,Snatch theft,,16+
0.115276964,0.068802322,Quarter,2017 Q1,K04000001,,,Male,,Prevalence rate,,Snatch theft,,25-34
0.010223896,0.01022218,Quarter,2017 Q1,K04000001,,,Male,,Prevalence rate,,Snatch theft,,35-44
0.063155115,0.063132285,Quarter,2017 Q1,K04000001,,,Male,,Prevalence rate,,Snatch theft,,45-54
0.068804827,0.050864055,Quarter,2017 Q1,K04000001,,,Male,,Prevalence rate,,Snatch theft,,55-64
0,0,Quarter,2017 Q1,K04000001,,,Male,,Prevalence rate,,Snatch theft,,65-74
0,0,Quarter,2017 Q1,K04000001,,,Male,,Prevalence rate,,Snatch theft,,75+
0.667403897,0.281228552,Quarter,2017 Q1,K04000001,,,Female,,Prevalence rate,,Attempted snatch and stealth theft,,16-24
0.275044934,0.05273589,Quarter,2017 Q1,K04000001,,,Female,,Prevalence rate,,Attempted snatch and stealth theft,,16+
0.28260172,0.097181588,Quarter,2017 Q1,K04000001,,,Female,,Prevalence rate,,Attempted snatch and stealth theft,,25-34
0.396893144,0.165980657,Quarter,2017 Q1,K04000001,,,Female,,Prevalence rate,,Attempted snatch and stealth theft,,35-44
0.186754076,0.08305239,Quarter,2017 Q1,K04000001,,,Female,,Prevalence rate,,Attempted snatch and stealth theft,,45-54
0.218816126,0.107597692,Quarter,2017 Q1,K04000001,,,Female,,Prevalence rate,,Attempted snatch and stealth theft,,55-64
0.070005497,0.043271607,Quarter,2017 Q1,K04000001,,,Female,,Prevalence rate,,Attempted snatch and stealth theft,,65-74
0.073601509,0.052335929,Quarter,2017 Q1,K04000001,,,Female,,Prevalence rate,,Attempted snatch and stealth theft,,75+
0.802271717,0.296453544,Quarter,2017 Q1,K04000001,,,Male,,Prevalence rate,,Attempted snatch and stealth theft,,16-24
0.274880259,0.054633849,Quarter,2017 Q1,K04000001,,,Male,,Prevalence rate,,Attempted snatch and stealth theft,,16+
0.301800467,0.137657528,Quarter,2017 Q1,K04000001,,,Male,,Prevalence rate,,Attempted snatch and stealth theft,,25-34
0.140738601,0.066652679,Quarter,2017 Q1,K04000001,,,Male,,Prevalence rate,,Attempted snatch and stealth theft,,35-44
0.275616397,0.096430316,Quarter,2017 Q1,K04000001,,,Male,,Prevalence rate,,Attempted snatch and stealth theft,,45-54
0.192352116,0.109590647,Quarter,2017 Q1,K04000001,,,Male,,Prevalence rate,,Attempted snatch and stealth theft,,55-64
0.100805236,0.071506583,Quarter,2017 Q1,K04000001,,,Male,,Prevalence rate,,Attempted snatch and stealth theft,,65-74
0,0,Quarter,2017 Q1,K04000001,,,Male,,Prevalence rate,,Attempted snatch and stealth theft,,75+
1.442286456,0.372860657,Quarter,2017 Q1,K04000001,,,Female,,Prevalence rate,,Stealth theft,,16-24
0.518513405,0.064049898,Quarter,2017 Q1,K04000001,,,Female,,Prevalence rate,,Stealth theft,,16+
0.567630728,0.137498958,Quarter,2017 Q1,K04000001,,,Female,,Prevalence rate,,Stealth theft,,25-34
0.528998396,0.159899569,Quarter,2017 Q1,K04000001,,,Female,,Prevalence rate,,Stealth theft,,35-44
0.235104321,0.074641921,Quarter,2017 Q1,K04000001,,,Female,,Prevalence rate,,Stealth theft,,45-54
0.132408273,0.061525748,Quarter,2017 Q1,K04000001,,,Female,,Prevalence rate,,Stealth theft,,55-64
0.434051945,0.121324684,Quarter,2017 Q1,K04000001,,,Female,,Prevalence rate,,Stealth theft,,65-74
0.402016531,0.135586167,Quarter,2017 Q1,K04000001,,,Female,,Prevalence rate,,Stealth theft,,75+
0.620900198,0.254036284,Quarter,2017 Q1,K04000001,,,Male,,Prevalence rate,,Stealth theft,,16-24
0.271759236,0.052143746,Quarter,2017 Q1,K04000001,,,Male,,Prevalence rate,,Stealth theft,,16+
0.331819834,0.122898516,Quarter,2017 Q1,K04000001,,,Male,,Prevalence rate,,Stealth theft,,25-34
0.113575769,0.068236166,Quarter,2017 Q1,K04000001,,,Male,,Prevalence rate,,Stealth theft,,35-44
0.283134939,0.126044231,Quarter,2017 Q1,K04000001,,,Male,,Prevalence rate,,Stealth theft,,45-54
0.1713235,0.099223313,Quarter,2017 Q1,K04000001,,,Male,,Prevalence rate,,Stealth theft,,55-64
0.262816201,0.118868999,Quarter,2017 Q1,K04000001,,,Male,,Prevalence rate,,Stealth theft,,65-74
0.039164856,0.039163572,Quarter,2017 Q1,K04000001,,,Male,,Prevalence rate,,Stealth theft,,75+
0.675008106,0.220548676,Quarter,2017 Q1,K04000001,,,Female,,Prevalence rate,,Stranger violence,,16-24
0.361648446,0.048754211,Quarter,2017 Q1,K04000001,,,Female,,Prevalence rate,,Stranger violence,,16+
0.453531174,0.116900947,Quarter,2017 Q1,K04000001,,,Female,,Prevalence rate,,Stranger violence,,25-34
0.525156718,0.150446617,Quarter,2017 Q1,K04000001,,,Female,,Prevalence rate,,Stranger violence,,35-44
0.402494425,0.121320377,Quarter,2017 Q1,K04000001,,,Female,,Prevalence rate,,Stranger violence,,45-54
0.208065193,0.087220528,Quarter,2017 Q1,K04000001,,,Female,,Prevalence rate,,Stranger violence,,55-64
0.115316514,0.059493468,Quarter,2017 Q1,K04000001,,,Female,,Prevalence rate,,Stranger violence,,65-74
0.027866327,0.027866131,Quarter,2017 Q1,K04000001,,,Female,,Prevalence rate,,Stranger violence,,75+
3.370531238,0.545335616,Quarter,2017 Q1,K04000001,,,Male,,Prevalence rate,,Stranger violence,,16-24
1.277115948,0.105433361,Quarter,2017 Q1,K04000001,,,Male,,Prevalence rate,,Stranger violence,,16+
1.572612369,0.278201556,Quarter,2017 Q1,K04000001,,,Male,,Prevalence rate,,Stranger violence,,25-34
1.252239867,0.227353159,Quarter,2017 Q1,K04000001,,,Male,,Prevalence rate,,Stranger violence,,35-44
1.332188359,0.231269753,Quarter,2017 Q1,K04000001,,,Male,,Prevalence rate,,Stranger violence,,45-54
0.378712674,0.117462306,Quarter,2017 Q1,K04000001,,,Male,,Prevalence rate,,Stranger violence,,55-64
0.262119537,0.094722216,Quarter,2017 Q1,K04000001,,,Male,,Prevalence rate,,Stranger violence,,65-74
0.152121236,0.076581257,Quarter,2017 Q1,K04000001,,,Male,,Prevalence rate,,Stranger violence,,75+
2.213898734,0.479451663,Quarter,2017 Q1,K04000001,,,Female,,Prevalence rate,,Theft from the person,,16-24
0.884193582,0.087079693,Quarter,2017 Q1,K04000001,,,Female,,Prevalence rate,,Theft from the person,,16+
1.023127205,0.188016211,Quarter,2017 Q1,K04000001,,,Female,,Prevalence rate,,Theft from the person,,25-34
1.108697325,0.244946538,Quarter,2017 Q1,K04000001,,,Female,,Prevalence rate,,Theft from the person,,35-44
0.465986874,0.115747944,Quarter,2017 Q1,K04000001,,,Female,,Prevalence rate,,Theft from the person,,45-54
0.410597201,0.129712164,Quarter,2017 Q1,K04000001,,,Female,,Prevalence rate,,Theft from the person,,55-64
0.504057442,0.128728606,Quarter,2017 Q1,K04000001,,,Female,,Prevalence rate,,Theft from the person,,65-74
0.508852036,0.14868377,Quarter,2017 Q1,K04000001,,,Female,,Prevalence rate,,Theft from the person,,75+
1.547573756,0.397661613,Quarter,2017 Q1,K04000001,,,Male,,Prevalence rate,,Theft from the person,,16-24
0.606569202,0.078608765,Quarter,2017 Q1,K04000001,,,Male,,Prevalence rate,,Theft from the person,,16+
0.748897265,0.196660304,Quarter,2017 Q1,K04000001,,,Male,,Prevalence rate,,Theft from the person,,25-34
0.264538266,0.095942325,Quarter,2017 Q1,K04000001,,,Male,,Prevalence rate,,Theft from the person,,35-44
0.621906451,0.17057073,Quarter,2017 Q1,K04000001,,,Male,,Prevalence rate,,Theft from the person,,45-54
0.432480442,0.156053107,Quarter,2017 Q1,K04000001,,,Male,,Prevalence rate,,Theft from the person,,55-64
0.363621437,0.138616055,Quarter,2017 Q1,K04000001,,,Male,,Prevalence rate,,Theft from the person,,65-74
0.039164856,0.039163572,Quarter,2017 Q1,K04000001,,,Male,,Prevalence rate,,Theft from the person,,75+
4.445891199,0.651029354,Quarter,2017 Q1,K04000001,,,Female,,Prevalence rate,,All personal theft,,16-24
2.035603943,0.128267583,Quarter,2017 Q1,K04000001,,,Female,,Prevalence rate,,All personal theft,,16+
2.366041265,0.296245151,Quarter,2017 Q1,K04000001,,,Female,,Prevalence rate,,All personal theft,,25-34
2.754228931,0.356270535,Quarter,2017 Q1,K04000001,,,Female,,Prevalence rate,,All personal theft,,35-44
1.442537465,0.218886926,Quarter,2017 Q1,K04000001,,,Female,,Prevalence rate,,All personal theft,,45-54
1.035584907,0.194034717,Quarter,2017 Q1,K04000001,,,Female,,Prevalence rate,,All personal theft,,55-64
0.977549305,0.180585238,Quarter,2017 Q1,K04000001,,,Female,,Prevalence rate,,All personal theft,,65-74
1.121461438,0.226746911,Quarter,2017 Q1,K04000001,,,Female,,Prevalence rate,,All personal theft,,75+
3.740063043,0.610055095,Quarter,2017 Q1,K04000001,,,Male,,Prevalence rate,,All personal theft,,16-24
1.861044462,0.130099371,Quarter,2017 Q1,K04000001,,,Male,,Prevalence rate,,All personal theft,,16+
2.616582135,0.373811381,Quarter,2017 Q1,K04000001,,,Male,,Prevalence rate,,All personal theft,,25-34
1.175673277,0.208565331,Quarter,2017 Q1,K04000001,,,Male,,Prevalence rate,,All personal theft,,35-44
1.67555959,0.259610084,Quarter,2017 Q1,K04000001,,,Male,,Prevalence rate,,All personal theft,,45-54
1.546451095,0.268311464,Quarter,2017 Q1,K04000001,,,Male,,Prevalence rate,,All personal theft,,55-64
1.102154721,0.224971311,Quarter,2017 Q1,K04000001,,,Male,,Prevalence rate,,All personal theft,,65-74
0.553895893,0.185362192,Quarter,2017 Q1,K04000001,,,Male,,Prevalence rate,,All personal theft,,75+
18.95583807,1.192416326,Quarter,2017 Q1,K04000001,,,Female,,Prevalence rate,,Total CSEW crime,,16-24
13.71861064,0.311147291,Quarter,2017 Q1,K04000001,,,Female,,Prevalence rate,,Total CSEW crime,,16+
16.26398157,0.766682917,Quarter,2017 Q1,K04000001,,,Female,,Prevalence rate,,Total CSEW crime,,25-34
17.04093223,0.754865707,Quarter,2017 Q1,K04000001,,,Female,,Prevalence rate,,Total CSEW crime,,35-44
16.51848952,0.741207959,Quarter,2017 Q1,K04000001,,,Female,,Prevalence rate,,Total CSEW crime,,45-54
11.72843031,0.731742764,Quarter,2017 Q1,K04000001,,,Female,,Prevalence rate,,Total CSEW crime,,55-64
6.941867501,0.525003645,Quarter,2017 Q1,K04000001,,,Female,,Prevalence rate,,Total CSEW crime,,65-74
4.557565617,0.448382984,Quarter,2017 Q1,K04000001,,,Female,,Prevalence rate,,Total CSEW crime,,75+
20.177928,1.275574103,Quarter,2017 Q1,K04000001,,,Male,,Prevalence rate,,Total CSEW crime,,16-24
14.15336601,0.334833523,Quarter,2017 Q1,K04000001,,,Male,,Prevalence rate,,Total CSEW crime,,16+
16.46462446,0.889150553,Quarter,2017 Q1,K04000001,,,Male,,Prevalence rate,,Total CSEW crime,,25-34
15.12671757,0.792344085,Quarter,2017 Q1,K04000001,,,Male,,Prevalence rate,,Total CSEW crime,,35-44
15.78316111,0.746529138,Quarter,2017 Q1,K04000001,,,Male,,Prevalence rate,,Total CSEW crime,,45-54
12.24433557,0.70643427,Quarter,2017 Q1,K04000001,,,Male,,Prevalence rate,,Total CSEW crime,,55-64
8.765209893,0.613707285,Quarter,2017 Q1,K04000001,,,Male,,Prevalence rate,,Total CSEW crime,,65-74
5.24092138,0.557588119,Quarter,2017 Q1,K04000001,,,Male,,Prevalence rate,,Total CSEW crime,,75+
7.263009043,0.797004151,Quarter,2017 Q1,K04000001,,,Female,,Prevalence rate,,All personal crime,,16-24
3.378185347,0.163891761,Quarter,2017 Q1,K04000001,,,Female,,Prevalence rate,,All personal crime,,16+
4.091555751,0.382238572,Quarter,2017 Q1,K04000001,,,Female,,Prevalence rate,,All personal crime,,25-34
4.019170204,0.411064168,Quarter,2017 Q1,K04000001,,,Female,,Prevalence rate,,All personal crime,,35-44
3.195955215,0.349561029,Quarter,2017 Q1,K04000001,,,Female,,Prevalence rate,,All personal crime,,45-54
1.962070483,0.264788741,Quarter,2017 Q1,K04000001,,,Female,,Prevalence rate,,All personal crime,,55-64
1.318861758,0.208172054,Quarter,2017 Q1,K04000001,,,Female,,Prevalence rate,,All personal crime,,65-74
1.273189044,0.2370451,Quarter,2017 Q1,K04000001,,,Female,,Prevalence rate,,All personal crime,,75+
8.963428551,0.883761223,Quarter,2017 Q1,K04000001,,,Male,,Prevalence rate,,All personal crime,,16-24
3.977551847,0.187160331,Quarter,2017 Q1,K04000001,,,Male,,Prevalence rate,,All personal crime,,16+
5.037844845,0.494435329,Quarter,2017 Q1,K04000001,,,Male,,Prevalence rate,,All personal crime,,25-34
3.284339424,0.349521225,Quarter,2017 Q1,K04000001,,,Male,,Prevalence rate,,All personal crime,,35-44
3.98479043,0.397738904,Quarter,2017 Q1,K04000001,,,Male,,Prevalence rate,,All personal crime,,45-54
2.274271638,0.304231757,Quarter,2017 Q1,K04000001,,,Male,,Prevalence rate,,All personal crime,,55-64
1.851253835,0.28217688,Quarter,2017 Q1,K04000001,,,Male,,Prevalence rate,,All personal crime,,65-74
0.883021666,0.222670258,Quarter,2017 Q1,K04000001,,,Male,,Prevalence rate,,All personal crime,,75+
0.952159786,0.300816859,Quarter,2017 Q1,K04000001,,,Female,,Prevalence rate,,Violence without injury,,16-24
0.647185345,0.067796324,Quarter,2017 Q1,K04000001,,,Female,,Prevalence rate,,Violence without injury,,16+
0.905657663,0.183461744,Quarter,2017 Q1,K04000001,,,Female,,Prevalence rate,,Violence without injury,,25-34
0.753187093,0.166703547,Quarter,2017 Q1,K04000001,,,Female,,Prevalence rate,,Violence without injury,,35-44
0.848094392,0.186601525,Quarter,2017 Q1,K04000001,,,Female,,Prevalence rate,,Violence without injury,,45-54
0.48606351,0.126795341,Quarter,2017 Q1,K04000001,,,Female,,Prevalence rate,,Violence without injury,,55-64
0.229174235,0.089828104,Quarter,2017 Q1,K04000001,,,Female,,Prevalence rate,,Violence without injury,,65-74
0.096717554,0.057135982,Quarter,2017 Q1,K04000001,,,Female,,Prevalence rate,,Violence without injury,,75+
2.850764471,0.499655966,Quarter,2017 Q1,K04000001,,,Male,,Prevalence rate,,Violence without injury,,16-24
1.215738295,0.103262957,Quarter,2017 Q1,K04000001,,,Male,,Prevalence rate,,Violence without injury,,16+
1.429385456,0.264879107,Quarter,2017 Q1,K04000001,,,Male,,Prevalence rate,,Violence without injury,,25-34
1.121929718,0.202707109,Quarter,2017 Q1,K04000001,,,Male,,Prevalence rate,,Violence without injury,,35-44
1.330499489,0.234978251,Quarter,2017 Q1,K04000001,,,Male,,Prevalence rate,,Violence without injury,,45-54
0.558981833,0.140377328,Quarter,2017 Q1,K04000001,,,Male,,Prevalence rate,,Violence without injury,,55-64
0.46157194,0.131427015,Quarter,2017 Q1,K04000001,,,Male,,Prevalence rate,,Violence without injury,,65-74
0.233494675,0.11063588,Quarter,2017 Q1,K04000001,,,Male,,Prevalence rate,,Violence without injury,,75+
2.673766886,0.474896491,Quarter,2017 Q1,K04000001,,,Female,,Prevalence rate,,All violence,,16-24
1.270309291,0.098448854,Quarter,2017 Q1,K04000001,,,Female,,Prevalence rate,,All violence,,16+
1.681240743,0.245811663,Quarter,2017 Q1,K04000001,,,Female,,Prevalence rate,,All violence,,25-34
1.213498204,0.20489423,Quarter,2017 Q1,K04000001,,,Female,,Prevalence rate,,All violence,,35-44
1.588162932,0.248810767,Quarter,2017 Q1,K04000001,,,Female,,Prevalence rate,,All violence,,45-54
0.922807278,0.182720725,Quarter,2017 Q1,K04000001,,,Female,,Prevalence rate,,All violence,,55-64
0.314747773,0.10143359,Quarter,2017 Q1,K04000001,,,Female,,Prevalence rate,,All violence,,65-74
0.096717554,0.057135982,Quarter,2017 Q1,K04000001,,,Female,,Prevalence rate,,All violence,,75+
5.422491233,0.68094429,Quarter,2017 Q1,K04000001,,,Male,,Prevalence rate,,All violence,,16-24
2.07938726,0.134221966,Quarter,2017 Q1,K04000001,,,Male,,Prevalence rate,,All violence,,16+
2.402942511,0.342353574,Quarter,2017 Q1,K04000001,,,Male,,Prevalence rate,,All violence,,25-34
1.954559273,0.272550478,Quarter,2017 Q1,K04000001,,,Male,,Prevalence rate,,All violence,,35-44
2.21824025,0.290056323,Quarter,2017 Q1,K04000001,,,Male,,Prevalence rate,,All violence,,45-54
0.706610449,0.154280123,Quarter,2017 Q1,K04000001,,,Male,,Prevalence rate,,All violence,,55-64
0.645324665,0.149023038,Quarter,2017 Q1,K04000001,,,Male,,Prevalence rate,,All violence,,65-74
0.27093189,0.116767715,Quarter,2017 Q1,K04000001,,,Male,,Prevalence rate,,All violence,,75+
1.7216071,0.371097716,Quarter,2017 Q1,K04000001,,,Female,,Prevalence rate,,Violence with injury,,16-24
0.645559531,0.068019516,Quarter,2017 Q1,K04000001,,,Female,,Prevalence rate,,Violence with injury,,16+
0.836369031,0.15031107,Quarter,2017 Q1,K04000001,,,Female,,Prevalence rate,,Violence with injury,,25-34
0.460311111,0.120072039,Quarter,2017 Q1,K04000001,,,Female,,Prevalence rate,,Violence with injury,,35-44
0.793788784,0.173926247,Quarter,2017 Q1,K04000001,,,Female,,Prevalence rate,,Violence with injury,,45-54
0.457308537,0.133661779,Quarter,2017 Q1,K04000001,,,Female,,Prevalence rate,,Violence with injury,,55-64
0.085573538,0.047239381,Quarter,2017 Q1,K04000001,,,Female,,Prevalence rate,,Violence with injury,,65-74
0,0,Quarter,2017 Q1,K04000001,,,Female,,Prevalence rate,,Violence with injury,,75+
2.929430864,0.5092125,Quarter,2017 Q1,K04000001,,,Male,,Prevalence rate,,Violence with injury,,16-24
0.958473847,0.092296447,Quarter,2017 Q1,K04000001,,,Male,,Prevalence rate,,Violence with injury,,16+
1.052864944,0.220620763,Quarter,2017 Q1,K04000001,,,Male,,Prevalence rate,,Violence with injury,,25-34
0.879501203,0.187560195,Quarter,2017 Q1,K04000001,,,Male,,Prevalence rate,,Violence with injury,,35-44
0.966810757,0.181573991,Quarter,2017 Q1,K04000001,,,Male,,Prevalence rate,,Violence with injury,,45-54
0.173505431,0.069562329,Quarter,2017 Q1,K04000001,,,Male,,Prevalence rate,,Violence with injury,,55-64
0.234959244,0.090119904,Quarter,2017 Q1,K04000001,,,Male,,Prevalence rate,,Violence with injury,,65-74
0.037437216,0.037437049,Quarter,2017 Q1,K04000001,,,Male,,Prevalence rate,,Violence with injury,,75+
1.041631406,0.286423915,Quarter,2017 Q1,K04000001,,,Female,,Prevalence rate,,Wounding,,16-24
0.333683644,0.049748844,Quarter,2017 Q1,K04000001,,,Female,,Prevalence rate,,Wounding,,16+
0.489686209,0.117390508,Quarter,2017 Q1,K04000001,,,Female,,Prevalence rate,,Wounding,,25-34
0.10759369,0.059192755,Quarter,2017 Q1,K04000001,,,Female,,Prevalence rate,,Wounding,,35-44
0.460413005,0.140694989,Quarter,2017 Q1,K04000001,,,Female,,Prevalence rate,,Wounding,,45-54
0.134283534,0.061886389,Quarter,2017 Q1,K04000001,,,Female,,Prevalence rate,,Wounding,,55-64
0.024256751,0.024257069,Quarter,2017 Q1,K04000001,,,Female,,Prevalence rate,,Wounding,,65-74
0,0,Quarter,2017 Q1,K04000001,,,Female,,Prevalence rate,,Wounding,,75+
1.492859151,0.357608789,Quarter,2017 Q1,K04000001,,,Male,,Prevalence rate,,Wounding,,16-24
0.487694185,0.065602638,Quarter,2017 Q1,K04000001,,,Male,,Prevalence rate,,Wounding,,16+
0.449200676,0.143542088,Quarter,2017 Q1,K04000001,,,Male,,Prevalence rate,,Wounding,,25-34
0.597541743,0.16646757,Quarter,2017 Q1,K04000001,,,Male,,Prevalence rate,,Wounding,,35-44
0.482562624,0.124763809,Quarter,2017 Q1,K04000001,,,Male,,Prevalence rate,,Wounding,,45-54
0.074051884,0.038290364,Quarter,2017 Q1,K04000001,,,Male,,Prevalence rate,,Wounding,,55-64
0.057776351,0.042174323,Quarter,2017 Q1,K04000001,,,Male,,Prevalence rate,,Wounding,,65-74
0.037437216,0.037437049,Quarter,2017 Q1,K04000001,,,Male,,Prevalence rate,,Wounding,,75+
