V4_1,Standard Error,Unweighted Count,Time_codelist,Time,Geography_codelist,Geography,HRP Age_codelist,HRP Age,Measurement Type_codelist,Measurement Type,Crime Type_codelist,Crime Type,Age_codelist,Age,Sex_codelist,Sex
0.975982598,0.379724694,1032,Quarter,2017 Q1,K04000001,,,16-24,,Prevalence rate,,Domestic burglary with entry and no loss,, ,, 
0.5165111929999999,0.12452651699999999,4747,Quarter,2017 Q1,K04000001,,,25-34,,Prevalence rate,,Domestic burglary with entry and no loss,, ,, 
0.7324363159999999,0.12459959699999999,6024,Quarter,2017 Q1,K04000001,,,35-44,,Prevalence rate,,Domestic burglary with entry and no loss,, ,, 
0.487767994,0.08938337199999999,7231,Quarter,2017 Q1,K04000001,,,45-54,,Prevalence rate,,Domestic burglary with entry and no loss,, ,, 
0.432647334,0.092463696,6099,Quarter,2017 Q1,K04000001,,,55-64,,Prevalence rate,,Domestic burglary with entry and no loss,, ,, 
0.231394145,0.06819136,5715,Quarter,2017 Q1,K04000001,,,65-74,,Prevalence rate,,Domestic burglary with entry and no loss,, ,, 
0.34771757799999997,0.095173115,4486,Quarter,2017 Q1,K04000001,,,75+,,Prevalence rate,,Domestic burglary with entry and no loss,, ,, 
1.4720428269999999,0.36432962799999996,1032,Quarter,2017 Q1,K04000001,,,16-24,,Prevalence rate,,Domestic burglary with entry and loss,, ,, 
0.8800506570000001,0.137891942,4747,Quarter,2017 Q1,K04000001,,,25-34,,Prevalence rate,,Domestic burglary with entry and loss,, ,, 
1.147302392,0.145267066,6024,Quarter,2017 Q1,K04000001,,,35-44,,Prevalence rate,,Domestic burglary with entry and loss,, ,, 
0.898336103,0.10971702,7231,Quarter,2017 Q1,K04000001,,,45-54,,Prevalence rate,,Domestic burglary with entry and loss,, ,, 
0.868093991,0.122551459,6099,Quarter,2017 Q1,K04000001,,,55-64,,Prevalence rate,,Domestic burglary with entry and loss,, ,, 
0.882524394,0.130131769,5715,Quarter,2017 Q1,K04000001,,,65-74,,Prevalence rate,,Domestic burglary with entry and loss,, ,, 
0.635070655,0.126439456,4486,Quarter,2017 Q1,K04000001,,,75+,,Prevalence rate,,Domestic burglary with entry and loss,, ,, 
0.730317133,0.237820549,1032,Quarter,2017 Q1,K04000001,,,16-24,,Prevalence rate,,Attempted domestic burglary,, ,, 
0.945316268,0.143293594,4747,Quarter,2017 Q1,K04000001,,,25-34,,Prevalence rate,,Attempted domestic burglary,, ,, 
0.922307931,0.129960989,6024,Quarter,2017 Q1,K04000001,,,35-44,,Prevalence rate,,Attempted domestic burglary,, ,, 
0.8036352040000001,0.10958913599999999,7231,Quarter,2017 Q1,K04000001,,,45-54,,Prevalence rate,,Attempted domestic burglary,, ,, 
0.8168929640000001,0.121128054,6099,Quarter,2017 Q1,K04000001,,,55-64,,Prevalence rate,,Attempted domestic burglary,, ,, 
0.612592163,0.101425146,5715,Quarter,2017 Q1,K04000001,,,65-74,,Prevalence rate,,Attempted domestic burglary,, ,, 
0.34446440700000003,0.08471621300000001,4486,Quarter,2017 Q1,K04000001,,,75+,,Prevalence rate,,Attempted domestic burglary,, ,, 
2.399076946,0.520760625,1032,Quarter,2017 Q1,K04000001,,,16-24,,Prevalence rate,,Domestic burglary with entry,, ,, 
1.396561849,0.185365657,4747,Quarter,2017 Q1,K04000001,,,25-34,,Prevalence rate,,Domestic burglary with entry,, ,, 
1.866127219,0.18986260600000002,6024,Quarter,2017 Q1,K04000001,,,35-44,,Prevalence rate,,Domestic burglary with entry,, ,, 
1.353939616,0.138700805,7231,Quarter,2017 Q1,K04000001,,,45-54,,Prevalence rate,,Domestic burglary with entry,, ,, 
1.259312556,0.15019696,6099,Quarter,2017 Q1,K04000001,,,55-64,,Prevalence rate,,Domestic burglary with entry,, ,, 
1.11391854,0.14622918699999998,5715,Quarter,2017 Q1,K04000001,,,65-74,,Prevalence rate,,Domestic burglary with entry,, ,, 
0.9586953509999999,0.15614831,4486,Quarter,2017 Q1,K04000001,,,75+,,Prevalence rate,,Domestic burglary with entry,, ,, 
3.080445601,0.565046237,1032,Quarter,2017 Q1,K04000001,,,16-24,,Prevalence rate,,Domestic burglary,, ,, 
2.28577981,0.22931942100000002,4747,Quarter,2017 Q1,K04000001,,,25-34,,Prevalence rate,,Domestic burglary,, ,, 
2.730378237,0.22516898,6024,Quarter,2017 Q1,K04000001,,,35-44,,Prevalence rate,,Domestic burglary,, ,, 
2.15757482,0.174166563,7231,Quarter,2017 Q1,K04000001,,,45-54,,Prevalence rate,,Domestic burglary,, ,, 
2.01244013,0.189529513,6099,Quarter,2017 Q1,K04000001,,,55-64,,Prevalence rate,,Domestic burglary,, ,, 
1.726510702,0.176307603,5715,Quarter,2017 Q1,K04000001,,,65-74,,Prevalence rate,,Domestic burglary,, ,, 
1.289197267,0.17657378199999998,4486,Quarter,2017 Q1,K04000001,,,75+,,Prevalence rate,,Domestic burglary,, ,, 
5.34638036,0.6957572940000001,1032,Quarter,2017 Q1,K04000001,,,16-24,,Prevalence rate,,All vehicle crime,, ,, 
5.890393743,0.347635123,4747,Quarter,2017 Q1,K04000001,,,25-34,,Prevalence rate,,All vehicle crime,, ,, 
6.709692866,0.339689289,6024,Quarter,2017 Q1,K04000001,,,35-44,,Prevalence rate,,All vehicle crime,, ,, 
7.050570474,0.316993118,7231,Quarter,2017 Q1,K04000001,,,45-54,,Prevalence rate,,All vehicle crime,, ,, 
5.299205317,0.313977891,6099,Quarter,2017 Q1,K04000001,,,55-64,,Prevalence rate,,All vehicle crime,, ,, 
3.080032216,0.237307205,5715,Quarter,2017 Q1,K04000001,,,65-74,,Prevalence rate,,All vehicle crime,, ,, 
1.315326668,0.17456196699999998,4486,Quarter,2017 Q1,K04000001,,,75+,,Prevalence rate,,All vehicle crime,, ,, 
10.91123957,1.395527172,520,Quarter,2017 Q1,K04000001,,,16-24,,Prevalence rate,,All vehicle crime,, ,, 
7.897314123999999,0.46072346399999997,3625,Quarter,2017 Q1,K04000001,,,25-34,,Prevalence rate,,All vehicle crime,, ,, 
8.205138818,0.41247224299999996,5028,Quarter,2017 Q1,K04000001,,,35-44,,Prevalence rate,,All vehicle crime,, ,, 
8.231331665,0.367601685,6303,Quarter,2017 Q1,K04000001,,,45-54,,Prevalence rate,,All vehicle crime,, ,, 
6.337759103,0.37204176299999997,5193,Quarter,2017 Q1,K04000001,,,55-64,,Prevalence rate,,All vehicle crime,, ,, 
3.88864814,0.298929493,4641,Quarter,2017 Q1,K04000001,,,65-74,,Prevalence rate,,All vehicle crime,, ,, 
2.160477002,0.285445286,2906,Quarter,2017 Q1,K04000001,,,75+,,Prevalence rate,,All vehicle crime,, ,, 
2.867124675,0.498187094,1032,Quarter,2017 Q1,K04000001,,,16-24,,Prevalence rate,,All vehicle-related thefts,, ,, 
3.040114088,0.251161091,4747,Quarter,2017 Q1,K04000001,,,25-34,,Prevalence rate,,All vehicle-related thefts,, ,, 
3.748770997,0.255140003,6024,Quarter,2017 Q1,K04000001,,,35-44,,Prevalence rate,,All vehicle-related thefts,, ,, 
3.81865864,0.234578795,7231,Quarter,2017 Q1,K04000001,,,45-54,,Prevalence rate,,All vehicle-related thefts,, ,, 
3.014760618,0.235259131,6099,Quarter,2017 Q1,K04000001,,,55-64,,Prevalence rate,,All vehicle-related thefts,, ,, 
1.534051089,0.17029302699999999,5715,Quarter,2017 Q1,K04000001,,,65-74,,Prevalence rate,,All vehicle-related thefts,, ,, 
0.7787154159999999,0.13890424,4486,Quarter,2017 Q1,K04000001,,,75+,,Prevalence rate,,All vehicle-related thefts,, ,, 
5.970192624,1.021959899,520,Quarter,2017 Q1,K04000001,,,16-24,,Prevalence rate,,All vehicle-related thefts,, ,, 
4.059281335,0.334134194,3625,Quarter,2017 Q1,K04000001,,,25-34,,Prevalence rate,,All vehicle-related thefts,, ,, 
4.602032255,0.311412653,5028,Quarter,2017 Q1,K04000001,,,35-44,,Prevalence rate,,All vehicle-related thefts,, ,, 
4.458170569,0.272909138,6303,Quarter,2017 Q1,K04000001,,,45-54,,Prevalence rate,,All vehicle-related thefts,, ,, 
3.605602238,0.280077599,5193,Quarter,2017 Q1,K04000001,,,55-64,,Prevalence rate,,All vehicle-related thefts,, ,, 
1.936793025,0.21460932300000002,4641,Quarter,2017 Q1,K04000001,,,65-74,,Prevalence rate,,All vehicle-related thefts,, ,, 
1.279071419,0.22780912,2906,Quarter,2017 Q1,K04000001,,,75+,,Prevalence rate,,All vehicle-related thefts,, ,, 
0.678097307,0.254158816,1032,Quarter,2017 Q1,K04000001,,,16-24,,Prevalence rate,,Attempted theft of and from vehicles,, ,, 
0.603820922,0.11588686599999999,4747,Quarter,2017 Q1,K04000001,,,25-34,,Prevalence rate,,Attempted theft of and from vehicles,, ,, 
0.6782364479999999,0.109498653,6024,Quarter,2017 Q1,K04000001,,,35-44,,Prevalence rate,,Attempted theft of and from vehicles,, ,, 
0.74282473,0.105773146,7231,Quarter,2017 Q1,K04000001,,,45-54,,Prevalence rate,,Attempted theft of and from vehicles,, ,, 
0.515305794,0.09683663699999999,6099,Quarter,2017 Q1,K04000001,,,55-64,,Prevalence rate,,Attempted theft of and from vehicles,, ,, 
0.41187828600000004,0.09949905199999999,5715,Quarter,2017 Q1,K04000001,,,65-74,,Prevalence rate,,Attempted theft of and from vehicles,, ,, 
0.081656093,0.042406002000000005,4486,Quarter,2017 Q1,K04000001,,,75+,,Prevalence rate,,Attempted theft of and from vehicles,, ,, 
1.411997035,0.527835119,520,Quarter,2017 Q1,K04000001,,,16-24,,Prevalence rate,,Attempted theft of and from vehicles,, ,, 
0.813072673,0.155848813,3625,Quarter,2017 Q1,K04000001,,,25-34,,Prevalence rate,,Attempted theft of and from vehicles,, ,, 
0.832610478,0.13419846300000002,5028,Quarter,2017 Q1,K04000001,,,35-44,,Prevalence rate,,Attempted theft of and from vehicles,, ,, 
0.8672258140000001,0.123474351,6303,Quarter,2017 Q1,K04000001,,,45-54,,Prevalence rate,,Attempted theft of and from vehicles,, ,, 
0.616296933,0.115640765,5193,Quarter,2017 Q1,K04000001,,,55-64,,Prevalence rate,,Attempted theft of and from vehicles,, ,, 
0.5200107079999999,0.12544782,4641,Quarter,2017 Q1,K04000001,,,65-74,,Prevalence rate,,Attempted theft of and from vehicles,, ,, 
0.134123421,0.069768834,2906,Quarter,2017 Q1,K04000001,,,75+,,Prevalence rate,,Attempted theft of and from vehicles,, ,, 
2.237315802,0.519709859,1032,Quarter,2017 Q1,K04000001,,,16-24,,Prevalence rate,,Bicycle theft,, ,, 
1.9123284440000001,0.21695009199999998,4747,Quarter,2017 Q1,K04000001,,,25-34,,Prevalence rate,,Bicycle theft,, ,, 
1.54973555,0.15924995,6024,Quarter,2017 Q1,K04000001,,,35-44,,Prevalence rate,,Bicycle theft,, ,, 
1.385933558,0.141953819,7231,Quarter,2017 Q1,K04000001,,,45-54,,Prevalence rate,,Bicycle theft,, ,, 
0.731634461,0.113438107,6099,Quarter,2017 Q1,K04000001,,,55-64,,Prevalence rate,,Bicycle theft,, ,, 
0.257768653,0.067047207,5715,Quarter,2017 Q1,K04000001,,,65-74,,Prevalence rate,,Bicycle theft,, ,, 
0.123386947,0.050766384000000005,4486,Quarter,2017 Q1,K04000001,,,75+,,Prevalence rate,,Bicycle theft,, ,, 
4.878288455,1.190169096,363,Quarter,2017 Q1,K04000001,,,16-24,,Prevalence rate,,Bicycle theft,, ,, 
3.3814672960000003,0.400783823,2509,Quarter,2017 Q1,K04000001,,,25-34,,Prevalence rate,,Bicycle theft,, ,, 
2.18939481,0.23169267699999999,4061,Quarter,2017 Q1,K04000001,,,35-44,,Prevalence rate,,Bicycle theft,, ,, 
2.088371692,0.222675533,4510,Quarter,2017 Q1,K04000001,,,45-54,,Prevalence rate,,Bicycle theft,, ,, 
1.5516081590000002,0.244082398,2895,Quarter,2017 Q1,K04000001,,,55-64,,Prevalence rate,,Bicycle theft,, ,, 
0.661904188,0.191440595,1847,Quarter,2017 Q1,K04000001,,,65-74,,Prevalence rate,,Bicycle theft,, ,, 
0.818746816,0.36903507799999996,639,Quarter,2017 Q1,K04000001,,,75+,,Prevalence rate,,Bicycle theft,, ,, 
0.0,0.0,1032,Quarter,2017 Q1,K04000001,,,16-24,,Prevalence rate,,Burglary in building other than dwelling with entry and no loss,, ,, 
0.10402344300000001,0.079257442,4747,Quarter,2017 Q1,K04000001,,,25-34,,Prevalence rate,,Burglary in building other than dwelling with entry and no loss,, ,, 
0.203869303,0.063474985,6024,Quarter,2017 Q1,K04000001,,,35-44,,Prevalence rate,,Burglary in building other than dwelling with entry and no loss,, ,, 
0.18199255,0.054051830999999995,7231,Quarter,2017 Q1,K04000001,,,45-54,,Prevalence rate,,Burglary in building other than dwelling with entry and no loss,, ,, 
0.224565056,0.065428847,6099,Quarter,2017 Q1,K04000001,,,55-64,,Prevalence rate,,Burglary in building other than dwelling with entry and no loss,, ,, 
0.104326349,0.046910352999999995,5715,Quarter,2017 Q1,K04000001,,,65-74,,Prevalence rate,,Burglary in building other than dwelling with entry and no loss,, ,, 
0.076133958,0.03973972,4486,Quarter,2017 Q1,K04000001,,,75+,,Prevalence rate,,Burglary in building other than dwelling with entry and no loss,, ,, 
0.242144407,0.147828924,1032,Quarter,2017 Q1,K04000001,,,16-24,,Prevalence rate,,Burglary in building other than dwelling with entry and loss,, ,, 
0.30396033899999997,0.081253831,4747,Quarter,2017 Q1,K04000001,,,25-34,,Prevalence rate,,Burglary in building other than dwelling with entry and loss,, ,, 
0.402389616,0.080547174,6024,Quarter,2017 Q1,K04000001,,,35-44,,Prevalence rate,,Burglary in building other than dwelling with entry and loss,, ,, 
0.48151606799999996,0.08064033400000001,7231,Quarter,2017 Q1,K04000001,,,45-54,,Prevalence rate,,Burglary in building other than dwelling with entry and loss,, ,, 
0.397745901,0.08396517099999999,6099,Quarter,2017 Q1,K04000001,,,55-64,,Prevalence rate,,Burglary in building other than dwelling with entry and loss,, ,, 
0.405396527,0.086991894,5715,Quarter,2017 Q1,K04000001,,,65-74,,Prevalence rate,,Burglary in building other than dwelling with entry and loss,, ,, 
0.21613178100000002,0.070543775,4486,Quarter,2017 Q1,K04000001,,,75+,,Prevalence rate,,Burglary in building other than dwelling with entry and loss,, ,, 
0.975982598,0.379724694,1032,Quarter,2017 Q1,K04000001,,,16-24,,Prevalence rate,,Burglary in dwelling with no loss,, ,, 
0.42586719799999995,0.09723054099999999,4747,Quarter,2017 Q1,K04000001,,,25-34,,Prevalence rate,,Burglary in dwelling with no loss,, ,, 
0.528567012,0.108986002,6024,Quarter,2017 Q1,K04000001,,,35-44,,Prevalence rate,,Burglary in dwelling with no loss,, ,, 
0.305775443,0.071827969,7231,Quarter,2017 Q1,K04000001,,,45-54,,Prevalence rate,,Burglary in dwelling with no loss,, ,, 
0.208082278,0.065850048,6099,Quarter,2017 Q1,K04000001,,,55-64,,Prevalence rate,,Burglary in dwelling with no loss,, ,, 
0.12706779599999998,0.04981214,5715,Quarter,2017 Q1,K04000001,,,65-74,,Prevalence rate,,Burglary in dwelling with no loss,, ,, 
0.27158362,0.08642219400000001,4486,Quarter,2017 Q1,K04000001,,,75+,,Prevalence rate,,Burglary in dwelling with no loss,, ,, 
0.636441544,0.220471742,1032,Quarter,2017 Q1,K04000001,,,16-24,,Prevalence rate,,Attempted burglary in dwelling,, ,, 
0.8606832440000001,0.137154057,4747,Quarter,2017 Q1,K04000001,,,25-34,,Prevalence rate,,Attempted burglary in dwelling,, ,, 
0.8898133,0.127783121,6024,Quarter,2017 Q1,K04000001,,,35-44,,Prevalence rate,,Attempted burglary in dwelling,, ,, 
0.642372586,0.09932149800000001,7231,Quarter,2017 Q1,K04000001,,,45-54,,Prevalence rate,,Attempted burglary in dwelling,, ,, 
0.598450956,0.10414366300000001,6099,Quarter,2017 Q1,K04000001,,,55-64,,Prevalence rate,,Attempted burglary in dwelling,, ,, 
0.49618728,0.09274783800000001,5715,Quarter,2017 Q1,K04000001,,,65-74,,Prevalence rate,,Attempted burglary in dwelling,, ,, 
0.232497117,0.06687808,4486,Quarter,2017 Q1,K04000001,,,75+,,Prevalence rate,,Attempted burglary in dwelling,, ,, 
2.156932539,0.503785114,1032,Quarter,2017 Q1,K04000001,,,16-24,,Prevalence rate,,Burglary in dwelling with entry,, ,, 
1.001957516,0.14808663,4747,Quarter,2017 Q1,K04000001,,,25-34,,Prevalence rate,,Burglary in dwelling with entry,, ,, 
1.259868299,0.16050153,6024,Quarter,2017 Q1,K04000001,,,35-44,,Prevalence rate,,Burglary in dwelling with entry,, ,, 
0.705406201,0.10279146300000001,7231,Quarter,2017 Q1,K04000001,,,45-54,,Prevalence rate,,Burglary in dwelling with entry,, ,, 
0.656130863,0.109227265,6099,Quarter,2017 Q1,K04000001,,,55-64,,Prevalence rate,,Burglary in dwelling with entry,, ,, 
0.6462055560000001,0.113002256,5715,Quarter,2017 Q1,K04000001,,,65-74,,Prevalence rate,,Burglary in dwelling with entry,, ,, 
0.6664296120000001,0.134098351,4486,Quarter,2017 Q1,K04000001,,,75+,,Prevalence rate,,Burglary in dwelling with entry,, ,, 
2.744425605,0.5436590720000001,1032,Quarter,2017 Q1,K04000001,,,16-24,,Prevalence rate,,Burglary in dwelling,, ,, 
1.839693315,0.198397015,4747,Quarter,2017 Q1,K04000001,,,25-34,,Prevalence rate,,Burglary in dwelling,, ,, 
2.091624687,0.19962051600000003,6024,Quarter,2017 Q1,K04000001,,,35-44,,Prevalence rate,,Burglary in dwelling,, ,, 
1.347778787,0.141031937,7231,Quarter,2017 Q1,K04000001,,,45-54,,Prevalence rate,,Burglary in dwelling,, ,, 
1.25458182,0.14968862300000002,6099,Quarter,2017 Q1,K04000001,,,55-64,,Prevalence rate,,Burglary in dwelling,, ,, 
1.142392836,0.144243438,5715,Quarter,2017 Q1,K04000001,,,65-74,,Prevalence rate,,Burglary in dwelling,, ,, 
0.89892673,0.149731061,4486,Quarter,2017 Q1,K04000001,,,75+,,Prevalence rate,,Burglary in dwelling,, ,, 
1.229898419,0.338806159,1032,Quarter,2017 Q1,K04000001,,,16-24,,Prevalence rate,,Burglary in dwelling with loss,, ,, 
0.576090317,0.11269782699999999,4747,Quarter,2017 Q1,K04000001,,,25-34,,Prevalence rate,,Burglary in dwelling with loss,, ,, 
0.7449127759999999,0.11696566800000001,6024,Quarter,2017 Q1,K04000001,,,35-44,,Prevalence rate,,Burglary in dwelling with loss,, ,, 
0.416820035,0.075097675,7231,Quarter,2017 Q1,K04000001,,,45-54,,Prevalence rate,,Burglary in dwelling with loss,, ,, 
0.470348091,0.090056676,6099,Quarter,2017 Q1,K04000001,,,55-64,,Prevalence rate,,Burglary in dwelling with loss,, ,, 
0.51913776,0.101553311,5715,Quarter,2017 Q1,K04000001,,,65-74,,Prevalence rate,,Burglary in dwelling with loss,, ,, 
0.41893887399999996,0.105541549,4486,Quarter,2017 Q1,K04000001,,,75+,,Prevalence rate,,Burglary in dwelling with loss,, ,, 
0.336019997,0.17504655,1032,Quarter,2017 Q1,K04000001,,,16-24,,Prevalence rate,,Burglary in building other than dwelling,, ,, 
0.49261680700000005,0.12224995400000001,4747,Quarter,2017 Q1,K04000001,,,25-34,,Prevalence rate,,Burglary in building other than dwelling,, ,, 
0.6550476679999999,0.105610759,6024,Quarter,2017 Q1,K04000001,,,35-44,,Prevalence rate,,Burglary in building other than dwelling,, ,, 
0.8247712359999999,0.10743140699999999,7231,Quarter,2017 Q1,K04000001,,,45-54,,Prevalence rate,,Burglary in building other than dwelling,, ,, 
0.784898372,0.11897589,6099,Quarter,2017 Q1,K04000001,,,55-64,,Prevalence rate,,Burglary in building other than dwelling,, ,, 
0.649773781,0.110972825,5715,Quarter,2017 Q1,K04000001,,,65-74,,Prevalence rate,,Burglary in building other than dwelling,, ,, 
0.39027053700000003,0.09519891300000001,4486,Quarter,2017 Q1,K04000001,,,75+,,Prevalence rate,,Burglary in building other than dwelling,, ,, 
0.09387558900000001,0.093861634,1032,Quarter,2017 Q1,K04000001,,,16-24,,Prevalence rate,,Attempted burglary in building other than dwelling,, ,, 
0.084633024,0.042825758,4747,Quarter,2017 Q1,K04000001,,,25-34,,Prevalence rate,,Attempted burglary in building other than dwelling,, ,, 
0.048788748,0.028473388,6024,Quarter,2017 Q1,K04000001,,,35-44,,Prevalence rate,,Attempted burglary in building other than dwelling,, ,, 
0.161262618,0.047513642,7231,Quarter,2017 Q1,K04000001,,,45-54,,Prevalence rate,,Attempted burglary in building other than dwelling,, ,, 
0.21844200800000002,0.063733948,6099,Quarter,2017 Q1,K04000001,,,55-64,,Prevalence rate,,Attempted burglary in building other than dwelling,, ,, 
0.140050904,0.048086702,5715,Quarter,2017 Q1,K04000001,,,65-74,,Prevalence rate,,Attempted burglary in building other than dwelling,, ,, 
0.111967289,0.05190716099999999,4486,Quarter,2017 Q1,K04000001,,,75+,,Prevalence rate,,Attempted burglary in building other than dwelling,, ,, 
0.242144407,0.147828924,1032,Quarter,2017 Q1,K04000001,,,16-24,,Prevalence rate,,Burglary in building other than dwelling with entry,, ,, 
0.407983783,0.11459261400000001,4747,Quarter,2017 Q1,K04000001,,,25-34,,Prevalence rate,,Burglary in building other than dwelling with entry,, ,, 
0.606258919,0.10169909699999999,6024,Quarter,2017 Q1,K04000001,,,35-44,,Prevalence rate,,Burglary in building other than dwelling with entry,, ,, 
0.6635086179999999,0.096300416,7231,Quarter,2017 Q1,K04000001,,,45-54,,Prevalence rate,,Burglary in building other than dwelling with entry,, ,, 
0.603181692,0.104393214,6099,Quarter,2017 Q1,K04000001,,,55-64,,Prevalence rate,,Burglary in building other than dwelling with entry,, ,, 
0.5097228770000001,0.098502724,5715,Quarter,2017 Q1,K04000001,,,65-74,,Prevalence rate,,Burglary in building other than dwelling with entry,, ,, 
0.29226573899999997,0.080989115,4486,Quarter,2017 Q1,K04000001,,,75+,,Prevalence rate,,Burglary in building other than dwelling with entry,, ,, 
1.109437269,0.401546561,1032,Quarter,2017 Q1,K04000001,,,16-24,,Prevalence rate,,Arson and other criminal damage,, ,, 
1.2273646870000001,0.168431351,4747,Quarter,2017 Q1,K04000001,,,25-34,,Prevalence rate,,Arson and other criminal damage,, ,, 
1.255078552,0.146771191,6024,Quarter,2017 Q1,K04000001,,,35-44,,Prevalence rate,,Arson and other criminal damage,, ,, 
1.203973102,0.131805762,7231,Quarter,2017 Q1,K04000001,,,45-54,,Prevalence rate,,Arson and other criminal damage,, ,, 
1.167747178,0.14646783300000002,6099,Quarter,2017 Q1,K04000001,,,55-64,,Prevalence rate,,Arson and other criminal damage,, ,, 
0.754795254,0.11257341400000001,5715,Quarter,2017 Q1,K04000001,,,65-74,,Prevalence rate,,Arson and other criminal damage,, ,, 
0.546068926,0.117933033,4486,Quarter,2017 Q1,K04000001,,,75+,,Prevalence rate,,Arson and other criminal damage,, ,, 
2.577317821,0.509093115,1032,Quarter,2017 Q1,K04000001,,,16-24,,Prevalence rate,,Criminal damage to a vehicle,, ,, 
2.960541609,0.25021065,4747,Quarter,2017 Q1,K04000001,,,25-34,,Prevalence rate,,Criminal damage to a vehicle,, ,, 
3.189956097,0.23728436100000003,6024,Quarter,2017 Q1,K04000001,,,35-44,,Prevalence rate,,Criminal damage to a vehicle,, ,, 
3.451455887,0.22047251699999998,7231,Quarter,2017 Q1,K04000001,,,45-54,,Prevalence rate,,Criminal damage to a vehicle,, ,, 
2.4226439909999997,0.211134381,6099,Quarter,2017 Q1,K04000001,,,55-64,,Prevalence rate,,Criminal damage to a vehicle,, ,, 
1.577745248,0.174013088,5715,Quarter,2017 Q1,K04000001,,,65-74,,Prevalence rate,,Criminal damage to a vehicle,, ,, 
0.589741384,0.11617167,4486,Quarter,2017 Q1,K04000001,,,75+,,Prevalence rate,,Criminal damage to a vehicle,, ,, 
5.145241006,1.0317731509999999,520,Quarter,2017 Q1,K04000001,,,16-24,,Prevalence rate,,Criminal damage to a vehicle,, ,, 
3.986505587,0.334908467,3625,Quarter,2017 Q1,K04000001,,,25-34,,Prevalence rate,,Criminal damage to a vehicle,, ,, 
3.8842714839999997,0.28875923,5028,Quarter,2017 Q1,K04000001,,,35-44,,Prevalence rate,,Criminal damage to a vehicle,, ,, 
4.029472258,0.25647156,6303,Quarter,2017 Q1,K04000001,,,45-54,,Prevalence rate,,Criminal damage to a vehicle,, ,, 
2.8974408589999996,0.251228565,5193,Quarter,2017 Q1,K04000001,,,55-64,,Prevalence rate,,Criminal damage to a vehicle,, ,, 
1.991958425,0.219653811,4641,Quarter,2017 Q1,K04000001,,,65-74,,Prevalence rate,,Criminal damage to a vehicle,, ,, 
0.968673963,0.190203672,2906,Quarter,2017 Q1,K04000001,,,75+,,Prevalence rate,,Criminal damage to a vehicle,, ,, 
2.738574152,0.541376382,1032,Quarter,2017 Q1,K04000001,,,16-24,,Prevalence rate,,Other household theft,, ,, 
2.569157581,0.24595453399999997,4747,Quarter,2017 Q1,K04000001,,,25-34,,Prevalence rate,,Other household theft,, ,, 
2.245202619,0.19560622,6024,Quarter,2017 Q1,K04000001,,,35-44,,Prevalence rate,,Other household theft,, ,, 
2.3733760669999997,0.182677027,7231,Quarter,2017 Q1,K04000001,,,45-54,,Prevalence rate,,Other household theft,, ,, 
1.9494528819999999,0.181712862,6099,Quarter,2017 Q1,K04000001,,,55-64,,Prevalence rate,,Other household theft,, ,, 
1.315798176,0.15600972400000002,5715,Quarter,2017 Q1,K04000001,,,65-74,,Prevalence rate,,Other household theft,, ,, 
1.050502974,0.160102931,4486,Quarter,2017 Q1,K04000001,,,75+,,Prevalence rate,,Other household theft,, ,, 
1.64600568,0.377349101,1032,Quarter,2017 Q1,K04000001,,,16-24,,Prevalence rate,,Theft from a motor vehicle,, ,, 
2.164864257,0.20792874,4747,Quarter,2017 Q1,K04000001,,,25-34,,Prevalence rate,,Theft from a motor vehicle,, ,, 
2.791254893,0.221681341,6024,Quarter,2017 Q1,K04000001,,,35-44,,Prevalence rate,,Theft from a motor vehicle,, ,, 
2.9236617330000003,0.20828909399999998,7231,Quarter,2017 Q1,K04000001,,,45-54,,Prevalence rate,,Theft from a motor vehicle,, ,, 
2.376099574,0.206362637,6099,Quarter,2017 Q1,K04000001,,,55-64,,Prevalence rate,,Theft from a motor vehicle,, ,, 
1.123713333,0.14165776800000002,5715,Quarter,2017 Q1,K04000001,,,65-74,,Prevalence rate,,Theft from a motor vehicle,, ,, 
0.631146148,0.126263169,4486,Quarter,2017 Q1,K04000001,,,75+,,Prevalence rate,,Theft from a motor vehicle,, ,, 
3.427465523,0.7782427820000001,520,Quarter,2017 Q1,K04000001,,,16-24,,Prevalence rate,,Theft from a motor vehicle,, ,, 
2.880717138,0.276479048,3625,Quarter,2017 Q1,K04000001,,,25-34,,Prevalence rate,,Theft from a motor vehicle,, ,, 
3.426575019,0.27119751,5028,Quarter,2017 Q1,K04000001,,,35-44,,Prevalence rate,,Theft from a motor vehicle,, ,, 
3.413288257,0.24260242899999998,6303,Quarter,2017 Q1,K04000001,,,45-54,,Prevalence rate,,Theft from a motor vehicle,, ,, 
2.8417745310000004,0.24597990600000003,5193,Quarter,2017 Q1,K04000001,,,55-64,,Prevalence rate,,Theft from a motor vehicle,, ,, 
1.418727291,0.17884588199999998,4641,Quarter,2017 Q1,K04000001,,,65-74,,Prevalence rate,,Theft from a motor vehicle,, ,, 
1.036682955,0.206809575,2906,Quarter,2017 Q1,K04000001,,,75+,,Prevalence rate,,Theft from a motor vehicle,, ,, 
0.822361498,0.270818234,1032,Quarter,2017 Q1,K04000001,,,16-24,,Prevalence rate,,Theft of a motor vehicle,, ,, 
0.28655278100000003,0.079819834,4747,Quarter,2017 Q1,K04000001,,,25-34,,Prevalence rate,,Theft of a motor vehicle,, ,, 
0.29075207,0.06915085,6024,Quarter,2017 Q1,K04000001,,,35-44,,Prevalence rate,,Theft of a motor vehicle,, ,, 
0.281125573,0.063482743,7231,Quarter,2017 Q1,K04000001,,,45-54,,Prevalence rate,,Theft of a motor vehicle,, ,, 
0.180673683,0.067601131,6099,Quarter,2017 Q1,K04000001,,,55-64,,Prevalence rate,,Theft of a motor vehicle,, ,, 
0.03018808,0.022558382000000002,5715,Quarter,2017 Q1,K04000001,,,65-74,,Prevalence rate,,Theft of a motor vehicle,, ,, 
0.096423867,0.050914466,4486,Quarter,2017 Q1,K04000001,,,75+,,Prevalence rate,,Theft of a motor vehicle,, ,, 
1.712397299,0.562289812,520,Quarter,2017 Q1,K04000001,,,16-24,,Prevalence rate,,Theft of a motor vehicle,, ,, 
0.38585651299999996,0.107408987,3625,Quarter,2017 Q1,K04000001,,,25-34,,Prevalence rate,,Theft of a motor vehicle,, ,, 
0.356930419,0.084845158,5028,Quarter,2017 Q1,K04000001,,,35-44,,Prevalence rate,,Theft of a motor vehicle,, ,, 
0.328205759,0.07409204900000001,6303,Quarter,2017 Q1,K04000001,,,45-54,,Prevalence rate,,Theft of a motor vehicle,, ,, 
0.21608264100000002,0.08084181,5193,Quarter,2017 Q1,K04000001,,,55-64,,Prevalence rate,,Theft of a motor vehicle,, ,, 
0.038113505,0.028477308,4641,Quarter,2017 Q1,K04000001,,,65-74,,Prevalence rate,,Theft of a motor vehicle,, ,, 
0.158380083,0.08360530599999999,2906,Quarter,2017 Q1,K04000001,,,75+,,Prevalence rate,,Theft of a motor vehicle,, ,, 
0.9637143290000001,0.380301116,1032,Quarter,2017 Q1,K04000001,,,16-24,,Prevalence rate,,Theft from a dwelling and meter,, ,, 
0.250785971,0.083863907,4747,Quarter,2017 Q1,K04000001,,,25-34,,Prevalence rate,,Theft from a dwelling and meter,, ,, 
0.258597737,0.066713816,6024,Quarter,2017 Q1,K04000001,,,35-44,,Prevalence rate,,Theft from a dwelling and meter,, ,, 
0.18815965399999998,0.050461411,7231,Quarter,2017 Q1,K04000001,,,45-54,,Prevalence rate,,Theft from a dwelling and meter,, ,, 
0.142638127,0.044166356,6099,Quarter,2017 Q1,K04000001,,,55-64,,Prevalence rate,,Theft from a dwelling and meter,, ,, 
0.116644885,0.045937516,5715,Quarter,2017 Q1,K04000001,,,65-74,,Prevalence rate,,Theft from a dwelling and meter,, ,, 
0.208127605,0.073658875,4486,Quarter,2017 Q1,K04000001,,,75+,,Prevalence rate,,Theft from a dwelling and meter,, ,, 
10.573190400000001,1.016889666,1032,Quarter,2017 Q1,K04000001,,,16-24,,Prevalence rate,,All household theft,, ,, 
9.130247,0.442015007,4747,Quarter,2017 Q1,K04000001,,,25-34,,Prevalence rate,,All household theft,, ,, 
9.574642501,0.397821745,6024,Quarter,2017 Q1,K04000001,,,35-44,,Prevalence rate,,All household theft,, ,, 
9.124686123,0.34471561,7231,Quarter,2017 Q1,K04000001,,,45-54,,Prevalence rate,,All household theft,, ,, 
7.219341985,0.35609211,6099,Quarter,2017 Q1,K04000001,,,55-64,,Prevalence rate,,All household theft,, ,, 
4.6316071910000005,0.289514515,5715,Quarter,2017 Q1,K04000001,,,65-74,,Prevalence rate,,All household theft,, ,, 
3.195740775,0.27156057,4486,Quarter,2017 Q1,K04000001,,,75+,,Prevalence rate,,All household theft,, ,, 
1.881227648,0.409100975,1032,Quarter,2017 Q1,K04000001,,,16-24,,Prevalence rate,,Theft from outside dwelling,, ,, 
2.31837161,0.231147515,4747,Quarter,2017 Q1,K04000001,,,25-34,,Prevalence rate,,Theft from outside dwelling,, ,, 
1.986604882,0.18555590600000002,6024,Quarter,2017 Q1,K04000001,,,35-44,,Prevalence rate,,Theft from outside dwelling,, ,, 
2.185216413,0.17448904399999998,7231,Quarter,2017 Q1,K04000001,,,45-54,,Prevalence rate,,Theft from outside dwelling,, ,, 
1.8068147559999999,0.175713345,6099,Quarter,2017 Q1,K04000001,,,55-64,,Prevalence rate,,Theft from outside dwelling,, ,, 
1.199153291,0.149358466,5715,Quarter,2017 Q1,K04000001,,,65-74,,Prevalence rate,,Theft from outside dwelling,, ,, 
0.8423753690000001,0.143148965,4486,Quarter,2017 Q1,K04000001,,,75+,,Prevalence rate,,Theft from outside dwelling,, ,, 
13.70841447,1.155556317,1032,Quarter,2017 Q1,K04000001,,,16-24,,Prevalence rate,,All household crime,, ,, 
12.77053613,0.509506654,4747,Quarter,2017 Q1,K04000001,,,25-34,,Prevalence rate,,All household crime,, ,, 
12.93709514,0.45636706,6024,Quarter,2017 Q1,K04000001,,,35-44,,Prevalence rate,,All household crime,, ,, 
12.85671668,0.410307139,7231,Quarter,2017 Q1,K04000001,,,45-54,,Prevalence rate,,All household crime,, ,, 
10.1584213,0.42057572,6099,Quarter,2017 Q1,K04000001,,,55-64,,Prevalence rate,,All household crime,, ,, 
6.676443009,0.345872726,5715,Quarter,2017 Q1,K04000001,,,65-74,,Prevalence rate,,All household crime,, ,, 
4.138595438,0.303843794,4486,Quarter,2017 Q1,K04000001,,,75+,,Prevalence rate,,All household crime,, ,, 
3.68675509,0.6397241220000001,1032,Quarter,2017 Q1,K04000001,,,16-24,,Prevalence rate,,Criminal damage  ,, ,, 
4.187906296,0.303778988,4747,Quarter,2017 Q1,K04000001,,,25-34,,Prevalence rate,,Criminal damage  ,, ,, 
4.316854019,0.272943754,6024,Quarter,2017 Q1,K04000001,,,35-44,,Prevalence rate,,Criminal damage  ,, ,, 
4.527566014,0.250997077,7231,Quarter,2017 Q1,K04000001,,,45-54,,Prevalence rate,,Criminal damage  ,, ,, 
3.516474918,0.250860465,6099,Quarter,2017 Q1,K04000001,,,55-64,,Prevalence rate,,Criminal damage  ,, ,, 
2.2988566009999998,0.209395425,5715,Quarter,2017 Q1,K04000001,,,65-74,,Prevalence rate,,Criminal damage  ,, ,, 
1.110611003,0.162891976,4486,Quarter,2017 Q1,K04000001,,,75+,,Prevalence rate,,Criminal damage  ,, ,, 
