V4_0,Time_codelist,Time,Geography_codelist,Geography,Flow_codelist,Flow,Transactions_codelist,Transactions,Merger or Acquisition_codelist,Merger or Acquisition
42,Year,1986,K02000001,,,Inward,,Direct Transactions,,Acquisition
52,Year,1987,K02000001,,,Inward,,Direct Transactions,,Acquisition
78,Year,1988,K02000001,,,Inward,,Direct Transactions,,Acquisition
122,Year,1989,K02000001,,,Inward,,Direct Transactions,,Acquisition
113,Year,1990,K02000001,,,Inward,,Direct Transactions,,Acquisition
120,Year,1991,K02000001,,,Inward,,Direct Transactions,,Acquisition
171,Year,1992,K02000001,,,Inward,,Direct Transactions,,Acquisition
204,Year,1993,K02000001,,,Inward,,Direct Transactions,,Acquisition
132,Year,1994,K02000001,,,Inward,,Direct Transactions,,Acquisition
96,Year,1995,K02000001,,,Inward,,Direct Transactions,,Acquisition
102,Year,1996,K02000001,,,Inward,,Direct Transactions,,Acquisition
146,Year,1997,K02000001,,,Inward,,Direct Transactions,,Acquisition
207,Year,1998,K02000001,,,Inward,,Direct Transactions,,Acquisition
179,Year,1999,K02000001,,,Inward,,Direct Transactions,,Acquisition
172,Year,2000,K02000001,,,Inward,,Direct Transactions,,Acquisition
113,Year,2001,K02000001,,,Inward,,Direct Transactions,,Acquisition
93,Year,2002,K02000001,,,Inward,,Direct Transactions,,Acquisition
76,Year,2003,K02000001,,,Inward,,Direct Transactions,,Acquisition
128,Year,2004,K02000001,,,Inward,,Direct Transactions,,Acquisition
175,Year,2005,K02000001,,,Inward,,Direct Transactions,,Acquisition
178,Year,2006,K02000001,,,Inward,,Direct Transactions,,Acquisition
200,Year,2007,K02000001,,,Inward,,Direct Transactions,,Acquisition
179,Year,2008,K02000001,,,Inward,,Direct Transactions,,Acquisition
87,Year,2009,K02000001,,,Inward,,Direct Transactions,,Acquisition
161,Year,2010,K02000001,,,Inward,,Direct Transactions,,Acquisition
158,Year,2011,K02000001,,,Inward,,Direct Transactions,,Acquisition
103,Year,2012,K02000001,,,Inward,,Direct Transactions,,Acquisition
94,Year,2013,K02000001,,,Inward,,Direct Transactions,,Acquisition
78,Year,2014,K02000001,,,Inward,,Direct Transactions,,Acquisition
150,Year,2015,K02000001,,,Inward,,Direct Transactions,,Acquisition
274,Year,2016,K02000001,,,Inward,,Direct Transactions,,Acquisition
8,Year,1987,K02000001,,,Inward,,In USA,,Disposal
7,Year,1988,K02000001,,,Inward,,In USA,,Disposal
9,Year,1989,K02000001,,,Inward,,In USA,,Disposal
7,Year,1990,K02000001,,,Inward,,In USA,,Disposal
7,Year,1991,K02000001,,,Inward,,In USA,,Disposal
7,Year,1992,K02000001,,,Inward,,In USA,,Disposal
26,Year,1993,K02000001,,,Inward,,In USA,,Disposal
12,Year,1994,K02000001,,,Inward,,In USA,,Disposal
6,Year,1995,K02000001,,,Inward,,In USA,,Disposal
5,Year,1996,K02000001,,,Inward,,In USA,,Disposal
11,Year,1997,K02000001,,,Inward,,In USA,,Disposal
19,Year,1998,K02000001,,,Inward,,In USA,,Disposal
0,Year,1999,K02000001,,,Inward,,In USA,,Disposal
15,Year,2000,K02000001,,,Inward,,In USA,,Disposal
22,Year,2001,K02000001,,,Inward,,In USA,,Disposal
31,Year,2002,K02000001,,,Inward,,In USA,,Disposal
0,Year,2003,K02000001,,,Inward,,In USA,,Disposal
21,Year,2004,K02000001,,,Inward,,In USA,,Disposal
15,Year,2005,K02000001,,,Inward,,In USA,,Disposal
22,Year,2006,K02000001,,,Inward,,In USA,,Disposal
31,Year,2007,K02000001,,,Inward,,In USA,,Disposal
12,Year,2008,K02000001,,,Inward,,In USA,,Disposal
10,Year,2009,K02000001,,,Inward,,In USA,,Disposal
15,Year,2010,K02000001,,,Inward,,In USA,,Disposal
18,Year,2011,K02000001,,,Inward,,In USA,,Disposal
4,Year,2012,K02000001,,,Inward,,In USA,,Disposal
8,Year,2013,K02000001,,,Inward,,In USA,,Disposal
3,Year,1987,K02000001,,,Inward,,In EU,,Disposal
2,Year,1988,K02000001,,,Inward,,In EU,,Disposal
4,Year,1989,K02000001,,,Inward,,In EU,,Disposal
1,Year,1990,K02000001,,,Inward,,In EU,,Disposal
6,Year,1991,K02000001,,,Inward,,In EU,,Disposal
11,Year,1992,K02000001,,,Inward,,In EU,,Disposal
28,Year,1993,K02000001,,,Inward,,In EU,,Disposal
15,Year,1994,K02000001,,,Inward,,In EU,,Disposal
10,Year,1995,K02000001,,,Inward,,In EU,,Disposal
9,Year,1996,K02000001,,,Inward,,In EU,,Disposal
11,Year,1997,K02000001,,,Inward,,In EU,,Disposal
22,Year,1998,K02000001,,,Inward,,In EU,,Disposal
17,Year,1999,K02000001,,,Inward,,In EU,,Disposal
16,Year,2000,K02000001,,,Inward,,In EU,,Disposal
23,Year,2001,K02000001,,,Inward,,In EU,,Disposal
18,Year,2002,K02000001,,,Inward,,In EU,,Disposal
25,Year,2003,K02000001,,,Inward,,In EU,,Disposal
23,Year,2004,K02000001,,,Inward,,In EU,,Disposal
27,Year,2005,K02000001,,,Inward,,In EU,,Disposal
16,Year,2006,K02000001,,,Inward,,In EU,,Disposal
12,Year,2007,K02000001,,,Inward,,In EU,,Disposal
18,Year,2008,K02000001,,,Inward,,In EU,,Disposal
12,Year,2009,K02000001,,,Inward,,In EU,,Disposal
19,Year,2010,K02000001,,,Inward,,In EU,,Disposal
26,Year,2011,K02000001,,,Inward,,In EU,,Disposal
11,Year,2012,K02000001,,,Inward,,In EU,,Disposal
9,Year,2013,K02000001,,,Inward,,In EU,,Disposal
10,Year,2015,K02000001,,,Inward,,In EU,,Disposal
13,Year,2016,K02000001,,,Inward,,In EU,,Disposal
18,Year,1986,K02000001,,,Inward,,In USA,,Acquisition
22,Year,1987,K02000001,,,Inward,,In USA,,Acquisition
25,Year,1988,K02000001,,,Inward,,In USA,,Acquisition
42,Year,1989,K02000001,,,Inward,,In USA,,Acquisition
32,Year,1990,K02000001,,,Inward,,In USA,,Acquisition
39,Year,1991,K02000001,,,Inward,,In USA,,Acquisition
64,Year,1992,K02000001,,,Inward,,In USA,,Acquisition
128,Year,1993,K02000001,,,Inward,,In USA,,Acquisition
93,Year,1994,K02000001,,,Inward,,In USA,,Acquisition
64,Year,1995,K02000001,,,Inward,,In USA,,Acquisition
67,Year,1996,K02000001,,,Inward,,In USA,,Acquisition
106,Year,1997,K02000001,,,Inward,,In USA,,Acquisition
152,Year,1998,K02000001,,,Inward,,In USA,,Acquisition
117,Year,1999,K02000001,,,Inward,,In USA,,Acquisition
81,Year,2000,K02000001,,,Inward,,In USA,,Acquisition
55,Year,2001,K02000001,,,Inward,,In USA,,Acquisition
45,Year,2002,K02000001,,,Inward,,In USA,,Acquisition
49,Year,2003,K02000001,,,Inward,,In USA,,Acquisition
75,Year,2004,K02000001,,,Inward,,In USA,,Acquisition
73,Year,2005,K02000001,,,Inward,,In USA,,Acquisition
84,Year,2006,K02000001,,,Inward,,In USA,,Acquisition
79,Year,2007,K02000001,,,Inward,,In USA,,Acquisition
74,Year,2008,K02000001,,,Inward,,In USA,,Acquisition
31,Year,2009,K02000001,,,Inward,,In USA,,Acquisition
85,Year,2010,K02000001,,,Inward,,In USA,,Acquisition
87,Year,2011,K02000001,,,Inward,,In USA,,Acquisition
50,Year,2012,K02000001,,,Inward,,In USA,,Acquisition
54,Year,2013,K02000001,,,Inward,,In USA,,Acquisition
42,Year,2014,K02000001,,,Inward,,In USA,,Acquisition
48,Year,2015,K02000001,,,Inward,,In USA,,Acquisition
89,Year,2016,K02000001,,,Inward,,In USA,,Acquisition
14,Year,1986,K02000001,,,Inward,,In EU,,Acquisition
12,Year,1987,K02000001,,,Inward,,In EU,,Acquisition
33,Year,1988,K02000001,,,Inward,,In EU,,Acquisition
59,Year,1989,K02000001,,,Inward,,In EU,,Acquisition
53,Year,1990,K02000001,,,Inward,,In EU,,Acquisition
61,Year,1991,K02000001,,,Inward,,In EU,,Acquisition
96,Year,1992,K02000001,,,Inward,,In EU,,Acquisition
67,Year,1993,K02000001,,,Inward,,In EU,,Acquisition
59,Year,1994,K02000001,,,Inward,,In EU,,Acquisition
42,Year,1995,K02000001,,,Inward,,In EU,,Acquisition
39,Year,1996,K02000001,,,Inward,,In EU,,Acquisition
51,Year,1997,K02000001,,,Inward,,In EU,,Acquisition
60,Year,1998,K02000001,,,Inward,,In EU,,Acquisition
108,Year,1999,K02000001,,,Inward,,In EU,,Acquisition
105,Year,2000,K02000001,,,Inward,,In EU,,Acquisition
70,Year,2001,K02000001,,,Inward,,In EU,,Acquisition
55,Year,2002,K02000001,,,Inward,,In EU,,Acquisition
41,Year,2003,K02000001,,,Inward,,In EU,,Acquisition
51,Year,2004,K02000001,,,Inward,,In EU,,Acquisition
89,Year,2005,K02000001,,,Inward,,In EU,,Acquisition
92,Year,2006,K02000001,,,Inward,,In EU,,Acquisition
94,Year,2007,K02000001,,,Inward,,In EU,,Acquisition
85,Year,2008,K02000001,,,Inward,,In EU,,Acquisition
32,Year,2009,K02000001,,,Inward,,In EU,,Acquisition
47,Year,2010,K02000001,,,Inward,,In EU,,Acquisition
69,Year,2011,K02000001,,,Inward,,In EU,,Acquisition
53,Year,2012,K02000001,,,Inward,,In EU,,Acquisition
35,Year,2013,K02000001,,,Inward,,In EU,,Acquisition
31,Year,2014,K02000001,,,Inward,,In EU,,Acquisition
34,Year,2015,K02000001,,,Inward,,In EU,,Acquisition
84,Year,2016,K02000001,,,Inward,,In EU,,Acquisition
22,Year,1987,K02000001,,,Outward,,Indirect Funded Locally,,Disposal
38,Year,1988,K02000001,,,Outward,,Indirect Funded Locally,,Disposal
24,Year,1989,K02000001,,,Outward,,Indirect Funded Locally,,Disposal
33,Year,1990,K02000001,,,Outward,,Indirect Funded Locally,,Disposal
19,Year,1991,K02000001,,,Outward,,Indirect Funded Locally,,Disposal
38,Year,1992,K02000001,,,Outward,,Indirect Funded Locally,,Disposal
35,Year,1993,K02000001,,,Outward,,Indirect Funded Locally,,Disposal
26,Year,1994,K02000001,,,Outward,,Indirect Funded Locally,,Disposal
27,Year,1995,K02000001,,,Outward,,Indirect Funded Locally,,Disposal
35,Year,1996,K02000001,,,Outward,,Indirect Funded Locally,,Disposal
39,Year,1997,K02000001,,,Outward,,Indirect Funded Locally,,Disposal
41,Year,1998,K02000001,,,Outward,,Indirect Funded Locally,,Disposal
52,Year,1999,K02000001,,,Outward,,Indirect Funded Locally,,Disposal
44,Year,2000,K02000001,,,Outward,,Indirect Funded Locally,,Disposal
40,Year,2001,K02000001,,,Outward,,Indirect Funded Locally,,Disposal
25,Year,2002,K02000001,,,Outward,,Indirect Funded Locally,,Disposal
28,Year,2003,K02000001,,,Outward,,Indirect Funded Locally,,Disposal
21,Year,2004,K02000001,,,Outward,,Indirect Funded Locally,,Disposal
22,Year,2005,K02000001,,,Outward,,Indirect Funded Locally,,Disposal
21,Year,2006,K02000001,,,Outward,,Indirect Funded Locally,,Disposal
20,Year,2007,K02000001,,,Outward,,Indirect Funded Locally,,Disposal
15,Year,2008,K02000001,,,Outward,,Indirect Funded Locally,,Disposal
3,Year,2009,K02000001,,,Outward,,Indirect Funded Locally,,Disposal
15,Year,2010,K02000001,,,Outward,,Indirect Funded Locally,,Disposal
13,Year,2011,K02000001,,,Outward,,Indirect Funded Locally,,Disposal
11,Year,2012,K02000001,,,Outward,,Indirect Funded Locally,,Disposal
11,Year,2014,K02000001,,,Outward,,Indirect Funded Locally,,Disposal
8,Year,2015,K02000001,,,Outward,,Indirect Funded Locally,,Disposal
1,Year,1986,K02000001,,,Inward,,Indirect Funded Locally,,Disposal
2,Year,1987,K02000001,,,Inward,,Indirect Funded Locally,,Disposal
8,Year,1988,K02000001,,,Inward,,Indirect Funded Locally,,Disposal
2,Year,1989,K02000001,,,Inward,,Indirect Funded Locally,,Disposal
5,Year,1990,K02000001,,,Inward,,Indirect Funded Locally,,Disposal
3,Year,1991,K02000001,,,Inward,,Indirect Funded Locally,,Disposal
13,Year,1992,K02000001,,,Inward,,Indirect Funded Locally,,Disposal
15,Year,1993,K02000001,,,Inward,,Indirect Funded Locally,,Disposal
12,Year,1994,K02000001,,,Inward,,Indirect Funded Locally,,Disposal
7,Year,1995,K02000001,,,Inward,,Indirect Funded Locally,,Disposal
4,Year,1996,K02000001,,,Inward,,Indirect Funded Locally,,Disposal
10,Year,1997,K02000001,,,Inward,,Indirect Funded Locally,,Disposal
6,Year,1998,K02000001,,,Inward,,Indirect Funded Locally,,Disposal
12,Year,1999,K02000001,,,Inward,,Indirect Funded Locally,,Disposal
10,Year,2000,K02000001,,,Inward,,Indirect Funded Locally,,Disposal
23,Year,2001,K02000001,,,Inward,,Indirect Funded Locally,,Disposal
14,Year,2002,K02000001,,,Inward,,Indirect Funded Locally,,Disposal
17,Year,2003,K02000001,,,Inward,,Indirect Funded Locally,,Disposal
17,Year,2004,K02000001,,,Inward,,Indirect Funded Locally,,Disposal
17,Year,2005,K02000001,,,Inward,,Indirect Funded Locally,,Disposal
15,Year,2006,K02000001,,,Inward,,Indirect Funded Locally,,Disposal
25,Year,2007,K02000001,,,Inward,,Indirect Funded Locally,,Disposal
15,Year,2008,K02000001,,,Inward,,Indirect Funded Locally,,Disposal
7,Year,2009,K02000001,,,Inward,,Indirect Funded Locally,,Disposal
15,Year,2010,K02000001,,,Inward,,Indirect Funded Locally,,Disposal
22,Year,2011,K02000001,,,Inward,,Indirect Funded Locally,,Disposal
6,Year,2012,K02000001,,,Inward,,Indirect Funded Locally,,Disposal
9,Year,2013,K02000001,,,Inward,,Indirect Funded Locally,,Disposal
1,Year,1986,K02000001,,,Inward,,Indirect By Overseas Parent,,Disposal
0,Year,1987,K02000001,,,Inward,,Indirect By Overseas Parent,,Disposal
0,Year,1988,K02000001,,,Inward,,Indirect By Overseas Parent,,Disposal
0,Year,1989,K02000001,,,Inward,,Indirect By Overseas Parent,,Disposal
1,Year,1990,K02000001,,,Inward,,Indirect By Overseas Parent,,Disposal
0,Year,1991,K02000001,,,Inward,,Indirect By Overseas Parent,,Disposal
0,Year,1992,K02000001,,,Inward,,Indirect By Overseas Parent,,Disposal
4,Year,1993,K02000001,,,Inward,,Indirect By Overseas Parent,,Disposal
4,Year,1994,K02000001,,,Inward,,Indirect By Overseas Parent,,Disposal
0,Year,1995,K02000001,,,Inward,,Indirect By Overseas Parent,,Disposal
1,Year,1996,K02000001,,,Inward,,Indirect By Overseas Parent,,Disposal
5,Year,1997,K02000001,,,Inward,,Indirect By Overseas Parent,,Disposal
1,Year,1998,K02000001,,,Inward,,Indirect By Overseas Parent,,Disposal
11,Year,1999,K02000001,,,Inward,,Indirect By Overseas Parent,,Disposal
8,Year,2000,K02000001,,,Inward,,Indirect By Overseas Parent,,Disposal
7,Year,2001,K02000001,,,Inward,,Indirect By Overseas Parent,,Disposal
3,Year,2002,K02000001,,,Inward,,Indirect By Overseas Parent,,Disposal
5,Year,2003,K02000001,,,Inward,,Indirect By Overseas Parent,,Disposal
9,Year,2004,K02000001,,,Inward,,Indirect By Overseas Parent,,Disposal
10,Year,2005,K02000001,,,Inward,,Indirect By Overseas Parent,,Disposal
12,Year,2006,K02000001,,,Inward,,Indirect By Overseas Parent,,Disposal
10,Year,2007,K02000001,,,Inward,,Indirect By Overseas Parent,,Disposal
9,Year,2008,K02000001,,,Inward,,Indirect By Overseas Parent,,Disposal
0,Year,2009,K02000001,,,Inward,,Indirect By Overseas Parent,,Disposal
5,Year,2010,K02000001,,,Inward,,Indirect By Overseas Parent,,Disposal
9,Year,2011,K02000001,,,Inward,,Indirect By Overseas Parent,,Disposal
3,Year,2013,K02000001,,,Inward,,Indirect By Overseas Parent,,Disposal
11,Year,1986,K02000001,,,Inward,,Direct Transactions,,Disposal
13,Year,1987,K02000001,,,Inward,,Direct Transactions,,Disposal
9,Year,1988,K02000001,,,Inward,,Direct Transactions,,Disposal
15,Year,1989,K02000001,,,Inward,,Direct Transactions,,Disposal
13,Year,1990,K02000001,,,Inward,,Direct Transactions,,Disposal
15,Year,1991,K02000001,,,Inward,,Direct Transactions,,Disposal
17,Year,1992,K02000001,,,Inward,,Direct Transactions,,Disposal
58,Year,1993,K02000001,,,Inward,,Direct Transactions,,Disposal
25,Year,1994,K02000001,,,Inward,,Direct Transactions,,Disposal
16,Year,1995,K02000001,,,Inward,,Direct Transactions,,Disposal
13,Year,1996,K02000001,,,Inward,,Direct Transactions,,Disposal
16,Year,1997,K02000001,,,Inward,,Direct Transactions,,Disposal
39,Year,1998,K02000001,,,Inward,,Direct Transactions,,Disposal
22,Year,1999,K02000001,,,Inward,,Direct Transactions,,Disposal
29,Year,2000,K02000001,,,Inward,,Direct Transactions,,Disposal
40,Year,2001,K02000001,,,Inward,,Direct Transactions,,Disposal
49,Year,2002,K02000001,,,Inward,,Direct Transactions,,Disposal
39,Year,2003,K02000001,,,Inward,,Direct Transactions,,Disposal
38,Year,2004,K02000001,,,Inward,,Direct Transactions,,Disposal
47,Year,2005,K02000001,,,Inward,,Direct Transactions,,Disposal
39,Year,2006,K02000001,,,Inward,,Direct Transactions,,Disposal
49,Year,2007,K02000001,,,Inward,,Direct Transactions,,Disposal
29,Year,2008,K02000001,,,Inward,,Direct Transactions,,Disposal
32,Year,2009,K02000001,,,Inward,,Direct Transactions,,Disposal
43,Year,2010,K02000001,,,Inward,,Direct Transactions,,Disposal
49,Year,2011,K02000001,,,Inward,,Direct Transactions,,Disposal
23,Year,2012,K02000001,,,Inward,,Direct Transactions,,Disposal
19,Year,2013,K02000001,,,Inward,,Direct Transactions,,Disposal
17,Year,2014,K02000001,,,Inward,,Direct Transactions,,Disposal
38,Year,2015,K02000001,,,Inward,,Direct Transactions,,Disposal
40,Year,2016,K02000001,,,Inward,,Direct Transactions,,Disposal
10,Year,1986,K02000001,,,Inward,,Indirect Funded Locally,,Acquisition
7,Year,1987,K02000001,,,Inward,,Indirect Funded Locally,,Acquisition
11,Year,1988,K02000001,,,Inward,,Indirect Funded Locally,,Acquisition
9,Year,1989,K02000001,,,Inward,,Indirect Funded Locally,,Acquisition
23,Year,1990,K02000001,,,Inward,,Indirect Funded Locally,,Acquisition
23,Year,1991,K02000001,,,Inward,,Indirect Funded Locally,,Acquisition
38,Year,1992,K02000001,,,Inward,,Indirect Funded Locally,,Acquisition
45,Year,1993,K02000001,,,Inward,,Indirect Funded Locally,,Acquisition
30,Year,1994,K02000001,,,Inward,,Indirect Funded Locally,,Acquisition
26,Year,1995,K02000001,,,Inward,,Indirect Funded Locally,,Acquisition
21,Year,1996,K02000001,,,Inward,,Indirect Funded Locally,,Acquisition
31,Year,1997,K02000001,,,Inward,,Indirect Funded Locally,,Acquisition
32,Year,1998,K02000001,,,Inward,,Indirect Funded Locally,,Acquisition
36,Year,1999,K02000001,,,Inward,,Indirect Funded Locally,,Acquisition
34,Year,2000,K02000001,,,Inward,,Indirect Funded Locally,,Acquisition
36,Year,2001,K02000001,,,Inward,,Indirect Funded Locally,,Acquisition
9,Year,2002,K02000001,,,Inward,,Indirect Funded Locally,,Acquisition
34,Year,2003,K02000001,,,Inward,,Indirect Funded Locally,,Acquisition
36,Year,2004,K02000001,,,Inward,,Indirect Funded Locally,,Acquisition
45,Year,2005,K02000001,,,Inward,,Indirect Funded Locally,,Acquisition
57,Year,2006,K02000001,,,Inward,,Indirect Funded Locally,,Acquisition
63,Year,2007,K02000001,,,Inward,,Indirect Funded Locally,,Acquisition
53,Year,2008,K02000001,,,Inward,,Indirect Funded Locally,,Acquisition
10,Year,2009,K02000001,,,Inward,,Indirect Funded Locally,,Acquisition
34,Year,2010,K02000001,,,Inward,,Indirect Funded Locally,,Acquisition
49,Year,2011,K02000001,,,Inward,,Indirect Funded Locally,,Acquisition
35,Year,2012,K02000001,,,Inward,,Indirect Funded Locally,,Acquisition
25,Year,2013,K02000001,,,Inward,,Indirect Funded Locally,,Acquisition
61,Year,2014,K02000001,,,Inward,,Indirect Funded Locally,,Acquisition
39,Year,2015,K02000001,,,Inward,,Indirect Funded Locally,,Acquisition
97,Year,2016,K02000001,,,Inward,,Indirect Funded Locally,,Acquisition
3,Year,1986,K02000001,,,Inward,,Indirect By Overseas Parent,,Acquisition
3,Year,1987,K02000001,,,Inward,,Indirect By Overseas Parent,,Acquisition
15,Year,1988,K02000001,,,Inward,,Indirect By Overseas Parent,,Acquisition
41,Year,1989,K02000001,,,Inward,,Indirect By Overseas Parent,,Acquisition
35,Year,1990,K02000001,,,Inward,,Indirect By Overseas Parent,,Acquisition
10,Year,1991,K02000001,,,Inward,,Indirect By Overseas Parent,,Acquisition
15,Year,1992,K02000001,,,Inward,,Indirect By Overseas Parent,,Acquisition
19,Year,1993,K02000001,,,Inward,,Indirect By Overseas Parent,,Acquisition
24,Year,1994,K02000001,,,Inward,,Indirect By Overseas Parent,,Acquisition
27,Year,1995,K02000001,,,Inward,,Indirect By Overseas Parent,,Acquisition
20,Year,1996,K02000001,,,Inward,,Indirect By Overseas Parent,,Acquisition
27,Year,1997,K02000001,,,Inward,,Indirect By Overseas Parent,,Acquisition
38,Year,1998,K02000001,,,Inward,,Indirect By Overseas Parent,,Acquisition
59,Year,1999,K02000001,,,Inward,,Indirect By Overseas Parent,,Acquisition
54,Year,2000,K02000001,,,Inward,,Indirect By Overseas Parent,,Acquisition
33,Year,2001,K02000001,,,Inward,,Indirect By Overseas Parent,,Acquisition
25,Year,2002,K02000001,,,Inward,,Indirect By Overseas Parent,,Acquisition
37,Year,2003,K02000001,,,Inward,,Indirect By Overseas Parent,,Acquisition
39,Year,2004,K02000001,,,Inward,,Indirect By Overseas Parent,,Acquisition
61,Year,2005,K02000001,,,Inward,,Indirect By Overseas Parent,,Acquisition
63,Year,2006,K02000001,,,Inward,,Indirect By Overseas Parent,,Acquisition
52,Year,2007,K02000001,,,Inward,,Indirect By Overseas Parent,,Acquisition
50,Year,2008,K02000001,,,Inward,,Indirect By Overseas Parent,,Acquisition
20,Year,2009,K02000001,,,Inward,,Indirect By Overseas Parent,,Acquisition
36,Year,2010,K02000001,,,Inward,,Indirect By Overseas Parent,,Acquisition
50,Year,2011,K02000001,,,Inward,,Indirect By Overseas Parent,,Acquisition
48,Year,2012,K02000001,,,Inward,,Indirect By Overseas Parent,,Acquisition
39,Year,2013,K02000001,,,Inward,,Indirect By Overseas Parent,,Acquisition
27,Year,2014,K02000001,,,Inward,,Indirect By Overseas Parent,,Acquisition
14,Year,2015,K02000001,,,Inward,,Indirect By Overseas Parent,,Acquisition
29,Year,2016,K02000001,,,Inward,,Indirect By Overseas Parent,,Acquisition
195,Year,1987,K02000001,,,Outward,,In USA,,Acquisition
320,Year,1988,K02000001,,,Outward,,In USA,,Acquisition
266,Year,1989,K02000001,,,Outward,,In USA,,Acquisition
183,Year,1990,K02000001,,,Outward,,In USA,,Acquisition
144,Year,1991,K02000001,,,Outward,,In USA,,Acquisition
138,Year,1992,K02000001,,,Outward,,In USA,,Acquisition
136,Year,1993,K02000001,,,Outward,,In USA,,Acquisition
114,Year,1994,K02000001,,,Outward,,In USA,,Acquisition
130,Year,1995,K02000001,,,Outward,,In USA,,Acquisition
108,Year,1996,K02000001,,,Outward,,In USA,,Acquisition
135,Year,1997,K02000001,,,Outward,,In USA,,Acquisition
165,Year,1998,K02000001,,,Outward,,In USA,,Acquisition
196,Year,1999,K02000001,,,Outward,,In USA,,Acquisition
190,Year,2000,K02000001,,,Outward,,In USA,,Acquisition
117,Year,2001,K02000001,,,Outward,,In USA,,Acquisition
69,Year,2002,K02000001,,,Outward,,In USA,,Acquisition
57,Year,2003,K02000001,,,Outward,,In USA,,Acquisition
101,Year,2004,K02000001,,,Outward,,In USA,,Acquisition
112,Year,2005,K02000001,,,Outward,,In USA,,Acquisition
138,Year,2006,K02000001,,,Outward,,In USA,,Acquisition
115,Year,2007,K02000001,,,Outward,,In USA,,Acquisition
88,Year,2008,K02000001,,,Outward,,In USA,,Acquisition
34,Year,2009,K02000001,,,Outward,,In USA,,Acquisition
53,Year,2010,K02000001,,,Outward,,In USA,,Acquisition
83,Year,2011,K02000001,,,Outward,,In USA,,Acquisition
41,Year,2012,K02000001,,,Outward,,In USA,,Acquisition
8,Year,2013,K02000001,,,Outward,,In USA,,Acquisition
27,Year,2014,K02000001,,,Outward,,In USA,,Acquisition
61,Year,2015,K02000001,,,Outward,,In USA,,Acquisition
36,Year,2016,K02000001,,,Outward,,In USA,,Acquisition
124,Year,1987,K02000001,,,Outward,,In EU,,Acquisition
179,Year,1988,K02000001,,,Outward,,In EU,,Acquisition
283,Year,1989,K02000001,,,Outward,,In EU,,Acquisition
245,Year,1990,K02000001,,,Outward,,In EU,,Acquisition
208,Year,1991,K02000001,,,Outward,,In EU,,Acquisition
272,Year,1992,K02000001,,,Outward,,In EU,,Acquisition
206,Year,1993,K02000001,,,Outward,,In EU,,Acquisition
175,Year,1994,K02000001,,,Outward,,In EU,,Acquisition
127,Year,1995,K02000001,,,Outward,,In EU,,Acquisition
182,Year,1996,K02000001,,,Outward,,In EU,,Acquisition
183,Year,1997,K02000001,,,Outward,,In EU,,Acquisition
225,Year,1998,K02000001,,,Outward,,In EU,,Acquisition
218,Year,1999,K02000001,,,Outward,,In EU,,Acquisition
231,Year,2000,K02000001,,,Outward,,In EU,,Acquisition
137,Year,2001,K02000001,,,Outward,,In EU,,Acquisition
106,Year,2002,K02000001,,,Outward,,In EU,,Acquisition
99,Year,2003,K02000001,,,Outward,,In EU,,Acquisition
117,Year,2004,K02000001,,,Outward,,In EU,,Acquisition
157,Year,2005,K02000001,,,Outward,,In EU,,Acquisition
131,Year,2006,K02000001,,,Outward,,In EU,,Acquisition
170,Year,2007,K02000001,,,Outward,,In EU,,Acquisition
102,Year,2008,K02000001,,,Outward,,In EU,,Acquisition
36,Year,2009,K02000001,,,Outward,,In EU,,Acquisition
66,Year,2010,K02000001,,,Outward,,In EU,,Acquisition
75,Year,2011,K02000001,,,Outward,,In EU,,Acquisition
34,Year,2012,K02000001,,,Outward,,In EU,,Acquisition
16,Year,2013,K02000001,,,Outward,,In EU,,Acquisition
33,Year,2014,K02000001,,,Outward,,In EU,,Acquisition
55,Year,2015,K02000001,,,Outward,,In EU,,Acquisition
49,Year,2016,K02000001,,,Outward,,In EU,,Acquisition
15,Year,1987,K02000001,,,Inward,,Number Of,,Disposal
16,Year,1988,K02000001,,,Inward,,Number Of,,Disposal
17,Year,1989,K02000001,,,Inward,,Number Of,,Disposal
19,Year,1990,K02000001,,,Inward,,Number Of,,Disposal
17,Year,1991,K02000001,,,Inward,,Number Of,,Disposal
29,Year,1992,K02000001,,,Inward,,Number Of,,Disposal
73,Year,1993,K02000001,,,Inward,,Number Of,,Disposal
38,Year,1994,K02000001,,,Inward,,Number Of,,Disposal
21,Year,1995,K02000001,,,Inward,,Number Of,,Disposal
18,Year,1996,K02000001,,,Inward,,Number Of,,Disposal
28,Year,1997,K02000001,,,Inward,,Number Of,,Disposal
46,Year,1998,K02000001,,,Inward,,Number Of,,Disposal
39,Year,1999,K02000001,,,Inward,,Number Of,,Disposal
43,Year,2000,K02000001,,,Inward,,Number Of,,Disposal
62,Year,2001,K02000001,,,Inward,,Number Of,,Disposal
60,Year,2002,K02000001,,,Inward,,Number Of,,Disposal
55,Year,2003,K02000001,,,Inward,,Number Of,,Disposal
54,Year,2004,K02000001,,,Inward,,Number Of,,Disposal
61,Year,2005,K02000001,,,Inward,,Number Of,,Disposal
55,Year,2006,K02000001,,,Inward,,Number Of,,Disposal
66,Year,2007,K02000001,,,Inward,,Number Of,,Disposal
49,Year,2008,K02000001,,,Inward,,Number Of,,Disposal
38,Year,2009,K02000001,,,Inward,,Number Of,,Disposal
58,Year,2010,K02000001,,,Inward,,Number Of,,Disposal
69,Year,2011,K02000001,,,Inward,,Number Of,,Disposal
27,Year,2012,K02000001,,,Inward,,Number Of,,Disposal
26,Year,2013,K02000001,,,Inward,,Number Of,,Disposal
23,Year,2014,K02000001,,,Inward,,Number Of,,Disposal
35,Year,2015,K02000001,,,Inward,,Number Of,,Disposal
35,Year,2016,K02000001,,,Inward,,Number Of,,Disposal
2,Quarter,1987 Q1,K02000001,,,Inward,,Number Of,,Disposal
4,Quarter,1987 Q2,K02000001,,,Inward,,Number Of,,Disposal
5,Quarter,1987 Q3,K02000001,,,Inward,,Number Of,,Disposal
4,Quarter,1987 Q4,K02000001,,,Inward,,Number Of,,Disposal
6,Quarter,1988 Q1,K02000001,,,Inward,,Number Of,,Disposal
3,Quarter,1988 Q2,K02000001,,,Inward,,Number Of,,Disposal
2,Quarter,1988 Q3,K02000001,,,Inward,,Number Of,,Disposal
5,Quarter,1988 Q4,K02000001,,,Inward,,Number Of,,Disposal
3,Quarter,1989 Q1,K02000001,,,Inward,,Number Of,,Disposal
7,Quarter,1989 Q2,K02000001,,,Inward,,Number Of,,Disposal
2,Quarter,1989 Q3,K02000001,,,Inward,,Number Of,,Disposal
5,Quarter,1989 Q4,K02000001,,,Inward,,Number Of,,Disposal
3,Quarter,1990 Q1,K02000001,,,Inward,,Number Of,,Disposal
6,Quarter,1990 Q2,K02000001,,,Inward,,Number Of,,Disposal
6,Quarter,1990 Q3,K02000001,,,Inward,,Number Of,,Disposal
4,Quarter,1990 Q4,K02000001,,,Inward,,Number Of,,Disposal
2,Quarter,1991 Q1,K02000001,,,Inward,,Number Of,,Disposal
5,Quarter,1991 Q2,K02000001,,,Inward,,Number Of,,Disposal
3,Quarter,1991 Q3,K02000001,,,Inward,,Number Of,,Disposal
7,Quarter,1991 Q4,K02000001,,,Inward,,Number Of,,Disposal
5,Quarter,1992 Q1,K02000001,,,Inward,,Number Of,,Disposal
3,Quarter,1992 Q2,K02000001,,,Inward,,Number Of,,Disposal
9,Quarter,1992 Q3,K02000001,,,Inward,,Number Of,,Disposal
12,Quarter,1992 Q4,K02000001,,,Inward,,Number Of,,Disposal
16,Quarter,1993 Q1,K02000001,,,Inward,,Number Of,,Disposal
13,Quarter,1993 Q2,K02000001,,,Inward,,Number Of,,Disposal
19,Quarter,1993 Q3,K02000001,,,Inward,,Number Of,,Disposal
25,Quarter,1993 Q4,K02000001,,,Inward,,Number Of,,Disposal
15,Quarter,1994 Q1,K02000001,,,Inward,,Number Of,,Disposal
11,Quarter,1994 Q2,K02000001,,,Inward,,Number Of,,Disposal
6,Quarter,1994 Q3,K02000001,,,Inward,,Number Of,,Disposal
6,Quarter,1994 Q4,K02000001,,,Inward,,Number Of,,Disposal
6,Quarter,1995 Q1,K02000001,,,Inward,,Number Of,,Disposal
2,Quarter,1995 Q2,K02000001,,,Inward,,Number Of,,Disposal
5,Quarter,1995 Q3,K02000001,,,Inward,,Number Of,,Disposal
8,Quarter,1995 Q4,K02000001,,,Inward,,Number Of,,Disposal
1,Quarter,1996 Q1,K02000001,,,Inward,,Number Of,,Disposal
4,Quarter,1996 Q2,K02000001,,,Inward,,Number Of,,Disposal
6,Quarter,1996 Q3,K02000001,,,Inward,,Number Of,,Disposal
7,Quarter,1996 Q4,K02000001,,,Inward,,Number Of,,Disposal
3,Quarter,1997 Q1,K02000001,,,Inward,,Number Of,,Disposal
6,Quarter,1997 Q2,K02000001,,,Inward,,Number Of,,Disposal
8,Quarter,1997 Q3,K02000001,,,Inward,,Number Of,,Disposal
11,Quarter,1997 Q4,K02000001,,,Inward,,Number Of,,Disposal
11,Quarter,1998 Q1,K02000001,,,Inward,,Number Of,,Disposal
12,Quarter,1998 Q2,K02000001,,,Inward,,Number Of,,Disposal
11,Quarter,1998 Q3,K02000001,,,Inward,,Number Of,,Disposal
12,Quarter,1998 Q4,K02000001,,,Inward,,Number Of,,Disposal
11,Quarter,1999 Q1,K02000001,,,Inward,,Number Of,,Disposal
5,Quarter,1999 Q2,K02000001,,,Inward,,Number Of,,Disposal
9,Quarter,1999 Q3,K02000001,,,Inward,,Number Of,,Disposal
14,Quarter,1999 Q4,K02000001,,,Inward,,Number Of,,Disposal
12,Quarter,2000 Q1,K02000001,,,Inward,,Number Of,,Disposal
12,Quarter,2000 Q2,K02000001,,,Inward,,Number Of,,Disposal
6,Quarter,2000 Q3,K02000001,,,Inward,,Number Of,,Disposal
13,Quarter,2000 Q4,K02000001,,,Inward,,Number Of,,Disposal
27,Quarter,2001 Q1,K02000001,,,Inward,,Number Of,,Disposal
12,Quarter,2001 Q2,K02000001,,,Inward,,Number Of,,Disposal
9,Quarter,2001 Q3,K02000001,,,Inward,,Number Of,,Disposal
14,Quarter,2001 Q4,K02000001,,,Inward,,Number Of,,Disposal
19,Quarter,2002 Q1,K02000001,,,Inward,,Number Of,,Disposal
9,Quarter,2002 Q2,K02000001,,,Inward,,Number Of,,Disposal
19,Quarter,2002 Q3,K02000001,,,Inward,,Number Of,,Disposal
13,Quarter,2002 Q4,K02000001,,,Inward,,Number Of,,Disposal
8,Quarter,2003 Q1,K02000001,,,Inward,,Number Of,,Disposal
16,Quarter,2003 Q2,K02000001,,,Inward,,Number Of,,Disposal
15,Quarter,2003 Q3,K02000001,,,Inward,,Number Of,,Disposal
16,Quarter,2003 Q4,K02000001,,,Inward,,Number Of,,Disposal
16,Quarter,2004 Q1,K02000001,,,Inward,,Number Of,,Disposal
14,Quarter,2004 Q2,K02000001,,,Inward,,Number Of,,Disposal
14,Quarter,2004 Q3,K02000001,,,Inward,,Number Of,,Disposal
10,Quarter,2004 Q4,K02000001,,,Inward,,Number Of,,Disposal
19,Quarter,2005 Q1,K02000001,,,Inward,,Number Of,,Disposal
12,Quarter,2005 Q2,K02000001,,,Inward,,Number Of,,Disposal
18,Quarter,2005 Q3,K02000001,,,Inward,,Number Of,,Disposal
12,Quarter,2005 Q4,K02000001,,,Inward,,Number Of,,Disposal
16,Quarter,2006 Q1,K02000001,,,Inward,,Number Of,,Disposal
13,Quarter,2006 Q2,K02000001,,,Inward,,Number Of,,Disposal
11,Quarter,2006 Q3,K02000001,,,Inward,,Number Of,,Disposal
15,Quarter,2006 Q4,K02000001,,,Inward,,Number Of,,Disposal
14,Quarter,2007 Q1,K02000001,,,Inward,,Number Of,,Disposal
26,Quarter,2007 Q2,K02000001,,,Inward,,Number Of,,Disposal
12,Quarter,2007 Q3,K02000001,,,Inward,,Number Of,,Disposal
14,Quarter,2007 Q4,K02000001,,,Inward,,Number Of,,Disposal
16,Quarter,2008 Q1,K02000001,,,Inward,,Number Of,,Disposal
17,Quarter,2008 Q2,K02000001,,,Inward,,Number Of,,Disposal
11,Quarter,2008 Q3,K02000001,,,Inward,,Number Of,,Disposal
5,Quarter,2008 Q4,K02000001,,,Inward,,Number Of,,Disposal
6,Quarter,2009 Q1,K02000001,,,Inward,,Number Of,,Disposal
11,Quarter,2009 Q2,K02000001,,,Inward,,Number Of,,Disposal
8,Quarter,2009 Q3,K02000001,,,Inward,,Number Of,,Disposal
13,Quarter,2009 Q4,K02000001,,,Inward,,Number Of,,Disposal
8,Quarter,2010 Q1,K02000001,,,Inward,,Number Of,,Disposal
15,Quarter,2010 Q2,K02000001,,,Inward,,Number Of,,Disposal
19,Quarter,2010 Q3,K02000001,,,Inward,,Number Of,,Disposal
16,Quarter,2010 Q4,K02000001,,,Inward,,Number Of,,Disposal
15,Quarter,2011 Q1,K02000001,,,Inward,,Number Of,,Disposal
15,Quarter,2011 Q2,K02000001,,,Inward,,Number Of,,Disposal
17,Quarter,2011 Q3,K02000001,,,Inward,,Number Of,,Disposal
22,Quarter,2011 Q4,K02000001,,,Inward,,Number Of,,Disposal
8,Quarter,2012 Q1,K02000001,,,Inward,,Number Of,,Disposal
7,Quarter,2012 Q2,K02000001,,,Inward,,Number Of,,Disposal
4,Quarter,2012 Q3,K02000001,,,Inward,,Number Of,,Disposal
8,Quarter,2012 Q4,K02000001,,,Inward,,Number Of,,Disposal
4,Quarter,2013 Q1,K02000001,,,Inward,,Number Of,,Disposal
8,Quarter,2013 Q2,K02000001,,,Inward,,Number Of,,Disposal
8,Quarter,2013 Q3,K02000001,,,Inward,,Number Of,,Disposal
6,Quarter,2013 Q4,K02000001,,,Inward,,Number Of,,Disposal
9,Quarter,2014 Q3,K02000001,,,Inward,,Number Of,,Disposal
6,Quarter,2014 Q4,K02000001,,,Inward,,Number Of,,Disposal
7,Quarter,2015 Q1,K02000001,,,Inward,,Number Of,,Disposal
10,Quarter,2015 Q2,K02000001,,,Inward,,Number Of,,Disposal
9,Quarter,2015 Q3,K02000001,,,Inward,,Number Of,,Disposal
9,Quarter,2015 Q4,K02000001,,,Inward,,Number Of,,Disposal
10,Quarter,2016 Q2,K02000001,,,Inward,,Number Of,,Disposal
13,Quarter,2016 Q4,K02000001,,,Inward,,Number Of,,Disposal
15,Quarter,2017 Q2,K02000001,,,Inward,,Number Of,,Disposal
54,Year,1986,K02000001,,,Inward,,Number Of,,Acquisition
61,Year,1987,K02000001,,,Inward,,Number Of,,Acquisition
99,Year,1988,K02000001,,,Inward,,Number Of,,Acquisition
168,Year,1989,K02000001,,,Inward,,Number Of,,Acquisition
143,Year,1990,K02000001,,,Inward,,Number Of,,Acquisition
146,Year,1991,K02000001,,,Inward,,Number Of,,Acquisition
210,Year,1992,K02000001,,,Inward,,Number Of,,Acquisition
267,Year,1993,K02000001,,,Inward,,Number Of,,Acquisition
202,Year,1994,K02000001,,,Inward,,Number Of,,Acquisition
131,Year,1995,K02000001,,,Inward,,Number Of,,Acquisition
133,Year,1996,K02000001,,,Inward,,Number Of,,Acquisition
193,Year,1997,K02000001,,,Inward,,Number Of,,Acquisition
252,Year,1998,K02000001,,,Inward,,Number Of,,Acquisition
252,Year,1999,K02000001,,,Inward,,Number Of,,Acquisition
227,Year,2000,K02000001,,,Inward,,Number Of,,Acquisition
162,Year,2001,K02000001,,,Inward,,Number Of,,Acquisition
117,Year,2002,K02000001,,,Inward,,Number Of,,Acquisition
129,Year,2003,K02000001,,,Inward,,Number Of,,Acquisition
178,Year,2004,K02000001,,,Inward,,Number Of,,Acquisition
242,Year,2005,K02000001,,,Inward,,Number Of,,Acquisition
259,Year,2006,K02000001,,,Inward,,Number Of,,Acquisition
269,Year,2007,K02000001,,,Inward,,Number Of,,Acquisition
252,Year,2008,K02000001,,,Inward,,Number Of,,Acquisition
112,Year,2009,K02000001,,,Inward,,Number Of,,Acquisition
212,Year,2010,K02000001,,,Inward,,Number Of,,Acquisition
237,Year,2011,K02000001,,,Inward,,Number Of,,Acquisition
161,Year,2012,K02000001,,,Inward,,Number Of,,Acquisition
141,Year,2013,K02000001,,,Inward,,Number Of,,Acquisition
110,Year,2014,K02000001,,,Inward,,Number Of,,Acquisition
145,Year,2015,K02000001,,,Inward,,Number Of,,Acquisition
262,Year,2016,K02000001,,,Inward,,Number Of,,Acquisition
13,Quarter,1986 Q1,K02000001,,,Inward,,Number Of,,Acquisition
15,Quarter,1986 Q2,K02000001,,,Inward,,Number Of,,Acquisition
14,Quarter,1986 Q3,K02000001,,,Inward,,Number Of,,Acquisition
12,Quarter,1986 Q4,K02000001,,,Inward,,Number Of,,Acquisition
15,Quarter,1987 Q1,K02000001,,,Inward,,Number Of,,Acquisition
11,Quarter,1987 Q2,K02000001,,,Inward,,Number Of,,Acquisition
21,Quarter,1987 Q3,K02000001,,,Inward,,Number Of,,Acquisition
14,Quarter,1987 Q4,K02000001,,,Inward,,Number Of,,Acquisition
16,Quarter,1988 Q1,K02000001,,,Inward,,Number Of,,Acquisition
25,Quarter,1988 Q2,K02000001,,,Inward,,Number Of,,Acquisition
26,Quarter,1988 Q3,K02000001,,,Inward,,Number Of,,Acquisition
32,Quarter,1988 Q4,K02000001,,,Inward,,Number Of,,Acquisition
24,Quarter,1989 Q1,K02000001,,,Inward,,Number Of,,Acquisition
44,Quarter,1989 Q2,K02000001,,,Inward,,Number Of,,Acquisition
52,Quarter,1989 Q3,K02000001,,,Inward,,Number Of,,Acquisition
48,Quarter,1989 Q4,K02000001,,,Inward,,Number Of,,Acquisition
46,Quarter,1990 Q1,K02000001,,,Inward,,Number Of,,Acquisition
21,Quarter,1990 Q2,K02000001,,,Inward,,Number Of,,Acquisition
49,Quarter,1990 Q3,K02000001,,,Inward,,Number Of,,Acquisition
27,Quarter,1990 Q4,K02000001,,,Inward,,Number Of,,Acquisition
30,Quarter,1991 Q1,K02000001,,,Inward,,Number Of,,Acquisition
41,Quarter,1991 Q2,K02000001,,,Inward,,Number Of,,Acquisition
41,Quarter,1991 Q3,K02000001,,,Inward,,Number Of,,Acquisition
34,Quarter,1991 Q4,K02000001,,,Inward,,Number Of,,Acquisition
48,Quarter,1992 Q1,K02000001,,,Inward,,Number Of,,Acquisition
43,Quarter,1992 Q2,K02000001,,,Inward,,Number Of,,Acquisition
47,Quarter,1992 Q3,K02000001,,,Inward,,Number Of,,Acquisition
72,Quarter,1992 Q4,K02000001,,,Inward,,Number Of,,Acquisition
63,Quarter,1993 Q1,K02000001,,,Inward,,Number Of,,Acquisition
52,Quarter,1993 Q2,K02000001,,,Inward,,Number Of,,Acquisition
68,Quarter,1993 Q3,K02000001,,,Inward,,Number Of,,Acquisition
84,Quarter,1993 Q4,K02000001,,,Inward,,Number Of,,Acquisition
65,Quarter,1994 Q1,K02000001,,,Inward,,Number Of,,Acquisition
44,Quarter,1994 Q2,K02000001,,,Inward,,Number Of,,Acquisition
45,Quarter,1994 Q3,K02000001,,,Inward,,Number Of,,Acquisition
48,Quarter,1994 Q4,K02000001,,,Inward,,Number Of,,Acquisition
30,Quarter,1995 Q1,K02000001,,,Inward,,Number Of,,Acquisition
34,Quarter,1995 Q2,K02000001,,,Inward,,Number Of,,Acquisition
25,Quarter,1995 Q3,K02000001,,,Inward,,Number Of,,Acquisition
42,Quarter,1995 Q4,K02000001,,,Inward,,Number Of,,Acquisition
26,Quarter,1996 Q1,K02000001,,,Inward,,Number Of,,Acquisition
34,Quarter,1996 Q2,K02000001,,,Inward,,Number Of,,Acquisition
34,Quarter,1996 Q3,K02000001,,,Inward,,Number Of,,Acquisition
39,Quarter,1996 Q4,K02000001,,,Inward,,Number Of,,Acquisition
37,Quarter,1997 Q1,K02000001,,,Inward,,Number Of,,Acquisition
44,Quarter,1997 Q2,K02000001,,,Inward,,Number Of,,Acquisition
47,Quarter,1997 Q3,K02000001,,,Inward,,Number Of,,Acquisition
65,Quarter,1997 Q4,K02000001,,,Inward,,Number Of,,Acquisition
49,Quarter,1998 Q1,K02000001,,,Inward,,Number Of,,Acquisition
75,Quarter,1998 Q2,K02000001,,,Inward,,Number Of,,Acquisition
61,Quarter,1998 Q3,K02000001,,,Inward,,Number Of,,Acquisition
67,Quarter,1998 Q4,K02000001,,,Inward,,Number Of,,Acquisition
75,Quarter,1999 Q1,K02000001,,,Inward,,Number Of,,Acquisition
56,Quarter,1999 Q2,K02000001,,,Inward,,Number Of,,Acquisition
52,Quarter,1999 Q3,K02000001,,,Inward,,Number Of,,Acquisition
69,Quarter,1999 Q4,K02000001,,,Inward,,Number Of,,Acquisition
54,Quarter,2000 Q1,K02000001,,,Inward,,Number Of,,Acquisition
61,Quarter,2000 Q2,K02000001,,,Inward,,Number Of,,Acquisition
64,Quarter,2000 Q3,K02000001,,,Inward,,Number Of,,Acquisition
48,Quarter,2000 Q4,K02000001,,,Inward,,Number Of,,Acquisition
54,Quarter,2001 Q1,K02000001,,,Inward,,Number Of,,Acquisition
36,Quarter,2001 Q2,K02000001,,,Inward,,Number Of,,Acquisition
42,Quarter,2001 Q3,K02000001,,,Inward,,Number Of,,Acquisition
30,Quarter,2001 Q4,K02000001,,,Inward,,Number Of,,Acquisition
30,Quarter,2002 Q1,K02000001,,,Inward,,Number Of,,Acquisition
27,Quarter,2002 Q2,K02000001,,,Inward,,Number Of,,Acquisition
40,Quarter,2002 Q3,K02000001,,,Inward,,Number Of,,Acquisition
20,Quarter,2002 Q4,K02000001,,,Inward,,Number Of,,Acquisition
33,Quarter,2003 Q1,K02000001,,,Inward,,Number Of,,Acquisition
34,Quarter,2003 Q2,K02000001,,,Inward,,Number Of,,Acquisition
35,Quarter,2003 Q3,K02000001,,,Inward,,Number Of,,Acquisition
27,Quarter,2003 Q4,K02000001,,,Inward,,Number Of,,Acquisition
38,Quarter,2004 Q1,K02000001,,,Inward,,Number Of,,Acquisition
57,Quarter,2004 Q2,K02000001,,,Inward,,Number Of,,Acquisition
47,Quarter,2004 Q3,K02000001,,,Inward,,Number Of,,Acquisition
36,Quarter,2004 Q4,K02000001,,,Inward,,Number Of,,Acquisition
51,Quarter,2005 Q1,K02000001,,,Inward,,Number Of,,Acquisition
65,Quarter,2005 Q2,K02000001,,,Inward,,Number Of,,Acquisition
67,Quarter,2005 Q3,K02000001,,,Inward,,Number Of,,Acquisition
59,Quarter,2005 Q4,K02000001,,,Inward,,Number Of,,Acquisition
54,Quarter,2006 Q1,K02000001,,,Inward,,Number Of,,Acquisition
62,Quarter,2006 Q2,K02000001,,,Inward,,Number Of,,Acquisition
71,Quarter,2006 Q3,K02000001,,,Inward,,Number Of,,Acquisition
72,Quarter,2006 Q4,K02000001,,,Inward,,Number Of,,Acquisition
61,Quarter,2007 Q1,K02000001,,,Inward,,Number Of,,Acquisition
75,Quarter,2007 Q2,K02000001,,,Inward,,Number Of,,Acquisition
80,Quarter,2007 Q3,K02000001,,,Inward,,Number Of,,Acquisition
53,Quarter,2007 Q4,K02000001,,,Inward,,Number Of,,Acquisition
86,Quarter,2008 Q1,K02000001,,,Inward,,Number Of,,Acquisition
63,Quarter,2008 Q2,K02000001,,,Inward,,Number Of,,Acquisition
54,Quarter,2008 Q3,K02000001,,,Inward,,Number Of,,Acquisition
49,Quarter,2008 Q4,K02000001,,,Inward,,Number Of,,Acquisition
28,Quarter,2009 Q1,K02000001,,,Inward,,Number Of,,Acquisition
22,Quarter,2009 Q2,K02000001,,,Inward,,Number Of,,Acquisition
28,Quarter,2009 Q3,K02000001,,,Inward,,Number Of,,Acquisition
34,Quarter,2009 Q4,K02000001,,,Inward,,Number Of,,Acquisition
54,Quarter,2010 Q1,K02000001,,,Inward,,Number Of,,Acquisition
48,Quarter,2010 Q2,K02000001,,,Inward,,Number Of,,Acquisition
59,Quarter,2010 Q3,K02000001,,,Inward,,Number Of,,Acquisition
51,Quarter,2010 Q4,K02000001,,,Inward,,Number Of,,Acquisition
54,Quarter,2011 Q1,K02000001,,,Inward,,Number Of,,Acquisition
68,Quarter,2011 Q2,K02000001,,,Inward,,Number Of,,Acquisition
68,Quarter,2011 Q3,K02000001,,,Inward,,Number Of,,Acquisition
47,Quarter,2011 Q4,K02000001,,,Inward,,Number Of,,Acquisition
51,Quarter,2012 Q1,K02000001,,,Inward,,Number Of,,Acquisition
48,Quarter,2012 Q2,K02000001,,,Inward,,Number Of,,Acquisition
39,Quarter,2012 Q3,K02000001,,,Inward,,Number Of,,Acquisition
23,Quarter,2012 Q4,K02000001,,,Inward,,Number Of,,Acquisition
19,Quarter,2013 Q1,K02000001,,,Inward,,Number Of,,Acquisition
33,Quarter,2013 Q2,K02000001,,,Inward,,Number Of,,Acquisition
59,Quarter,2013 Q3,K02000001,,,Inward,,Number Of,,Acquisition
30,Quarter,2013 Q4,K02000001,,,Inward,,Number Of,,Acquisition
29,Quarter,2014 Q1,K02000001,,,Inward,,Number Of,,Acquisition
28,Quarter,2014 Q2,K02000001,,,Inward,,Number Of,,Acquisition
25,Quarter,2014 Q3,K02000001,,,Inward,,Number Of,,Acquisition
28,Quarter,2014 Q4,K02000001,,,Inward,,Number Of,,Acquisition
28,Quarter,2015 Q1,K02000001,,,Inward,,Number Of,,Acquisition
31,Quarter,2015 Q2,K02000001,,,Inward,,Number Of,,Acquisition
37,Quarter,2015 Q3,K02000001,,,Inward,,Number Of,,Acquisition
49,Quarter,2015 Q4,K02000001,,,Inward,,Number Of,,Acquisition
58,Quarter,2016 Q1,K02000001,,,Inward,,Number Of,,Acquisition
63,Quarter,2016 Q2,K02000001,,,Inward,,Number Of,,Acquisition
65,Quarter,2016 Q3,K02000001,,,Inward,,Number Of,,Acquisition
76,Quarter,2016 Q4,K02000001,,,Inward,,Number Of,,Acquisition
70,Quarter,2017 Q1,K02000001,,,Inward,,Number Of,,Acquisition
44,Quarter,2017 Q2,K02000001,,,Inward,,Number Of,,Acquisition
118,Year,1987,K02000001,,,Outward,,Number Of,,Disposal
112,Year,1988,K02000001,,,Outward,,Number Of,,Disposal
134,Year,1989,K02000001,,,Outward,,Number Of,,Disposal
134,Year,1990,K02000001,,,Outward,,Number Of,,Disposal
157,Year,1991,K02000001,,,Outward,,Number Of,,Disposal
219,Year,1992,K02000001,,,Outward,,Number Of,,Disposal
221,Year,1993,K02000001,,,Outward,,Number Of,,Disposal
149,Year,1994,K02000001,,,Outward,,Number Of,,Disposal
117,Year,1995,K02000001,,,Outward,,Number Of,,Disposal
178,Year,1996,K02000001,,,Outward,,Number Of,,Disposal
176,Year,1997,K02000001,,,Outward,,Number Of,,Disposal
218,Year,1998,K02000001,,,Outward,,Number Of,,Disposal
198,Year,1999,K02000001,,,Outward,,Number Of,,Disposal
168,Year,2000,K02000001,,,Outward,,Number Of,,Disposal
139,Year,2001,K02000001,,,Outward,,Number Of,,Disposal
128,Year,2002,K02000001,,,Outward,,Number Of,,Disposal
136,Year,2003,K02000001,,,Outward,,Number Of,,Disposal
118,Year,2004,K02000001,,,Outward,,Number Of,,Disposal
110,Year,2005,K02000001,,,Outward,,Number Of,,Disposal
89,Year,2006,K02000001,,,Outward,,Number Of,,Disposal
104,Year,2007,K02000001,,,Outward,,Number Of,,Disposal
71,Year,2008,K02000001,,,Outward,,Number Of,,Disposal
37,Year,2009,K02000001,,,Outward,,Number Of,,Disposal
73,Year,2010,K02000001,,,Outward,,Number Of,,Disposal
80,Year,2011,K02000001,,,Outward,,Number Of,,Disposal
40,Year,2012,K02000001,,,Outward,,Number Of,,Disposal
36,Year,2014,K02000001,,,Outward,,Number Of,,Disposal
42,Year,2015,K02000001,,,Outward,,Number Of,,Disposal
42,Year,2016,K02000001,,,Outward,,Number Of,,Disposal
31,Quarter,1987 Q1,K02000001,,,Outward,,Number Of,,Disposal
26,Quarter,1987 Q2,K02000001,,,Outward,,Number Of,,Disposal
29,Quarter,1987 Q3,K02000001,,,Outward,,Number Of,,Disposal
32,Quarter,1987 Q4,K02000001,,,Outward,,Number Of,,Disposal
34,Quarter,1988 Q1,K02000001,,,Outward,,Number Of,,Disposal
28,Quarter,1988 Q2,K02000001,,,Outward,,Number Of,,Disposal
25,Quarter,1988 Q3,K02000001,,,Outward,,Number Of,,Disposal
25,Quarter,1988 Q4,K02000001,,,Outward,,Number Of,,Disposal
29,Quarter,1989 Q1,K02000001,,,Outward,,Number Of,,Disposal
36,Quarter,1989 Q2,K02000001,,,Outward,,Number Of,,Disposal
47,Quarter,1989 Q3,K02000001,,,Outward,,Number Of,,Disposal
22,Quarter,1989 Q4,K02000001,,,Outward,,Number Of,,Disposal
36,Quarter,1990 Q1,K02000001,,,Outward,,Number Of,,Disposal
21,Quarter,1990 Q2,K02000001,,,Outward,,Number Of,,Disposal
31,Quarter,1990 Q3,K02000001,,,Outward,,Number Of,,Disposal
46,Quarter,1990 Q4,K02000001,,,Outward,,Number Of,,Disposal
35,Quarter,1991 Q1,K02000001,,,Outward,,Number Of,,Disposal
43,Quarter,1991 Q2,K02000001,,,Outward,,Number Of,,Disposal
42,Quarter,1991 Q3,K02000001,,,Outward,,Number Of,,Disposal
37,Quarter,1991 Q4,K02000001,,,Outward,,Number Of,,Disposal
46,Quarter,1992 Q1,K02000001,,,Outward,,Number Of,,Disposal
52,Quarter,1992 Q2,K02000001,,,Outward,,Number Of,,Disposal
21,Quarter,1992 Q3,K02000001,,,Outward,,Number Of,,Disposal
100,Quarter,1992 Q4,K02000001,,,Outward,,Number Of,,Disposal
65,Quarter,1993 Q1,K02000001,,,Outward,,Number Of,,Disposal
51,Quarter,1993 Q2,K02000001,,,Outward,,Number Of,,Disposal
27,Quarter,1993 Q3,K02000001,,,Outward,,Number Of,,Disposal
78,Quarter,1993 Q4,K02000001,,,Outward,,Number Of,,Disposal
48,Quarter,1994 Q1,K02000001,,,Outward,,Number Of,,Disposal
25,Quarter,1994 Q2,K02000001,,,Outward,,Number Of,,Disposal
36,Quarter,1994 Q3,K02000001,,,Outward,,Number Of,,Disposal
40,Quarter,1994 Q4,K02000001,,,Outward,,Number Of,,Disposal
35,Quarter,1995 Q1,K02000001,,,Outward,,Number Of,,Disposal
22,Quarter,1995 Q2,K02000001,,,Outward,,Number Of,,Disposal
12,Quarter,1995 Q3,K02000001,,,Outward,,Number Of,,Disposal
48,Quarter,1995 Q4,K02000001,,,Outward,,Number Of,,Disposal
29,Quarter,1996 Q1,K02000001,,,Outward,,Number Of,,Disposal
38,Quarter,1996 Q2,K02000001,,,Outward,,Number Of,,Disposal
44,Quarter,1996 Q3,K02000001,,,Outward,,Number Of,,Disposal
67,Quarter,1996 Q4,K02000001,,,Outward,,Number Of,,Disposal
43,Quarter,1997 Q1,K02000001,,,Outward,,Number Of,,Disposal
36,Quarter,1997 Q2,K02000001,,,Outward,,Number Of,,Disposal
48,Quarter,1997 Q3,K02000001,,,Outward,,Number Of,,Disposal
49,Quarter,1997 Q4,K02000001,,,Outward,,Number Of,,Disposal
55,Quarter,1998 Q1,K02000001,,,Outward,,Number Of,,Disposal
63,Quarter,1998 Q2,K02000001,,,Outward,,Number Of,,Disposal
51,Quarter,1998 Q3,K02000001,,,Outward,,Number Of,,Disposal
49,Quarter,1998 Q4,K02000001,,,Outward,,Number Of,,Disposal
47,Quarter,1999 Q1,K02000001,,,Outward,,Number Of,,Disposal
75,Quarter,1999 Q2,K02000001,,,Outward,,Number Of,,Disposal
43,Quarter,1999 Q3,K02000001,,,Outward,,Number Of,,Disposal
33,Quarter,1999 Q4,K02000001,,,Outward,,Number Of,,Disposal
48,Quarter,2000 Q1,K02000001,,,Outward,,Number Of,,Disposal
34,Quarter,2000 Q2,K02000001,,,Outward,,Number Of,,Disposal
50,Quarter,2000 Q3,K02000001,,,Outward,,Number Of,,Disposal
36,Quarter,2000 Q4,K02000001,,,Outward,,Number Of,,Disposal
30,Quarter,2001 Q1,K02000001,,,Outward,,Number Of,,Disposal
39,Quarter,2001 Q2,K02000001,,,Outward,,Number Of,,Disposal
26,Quarter,2001 Q3,K02000001,,,Outward,,Number Of,,Disposal
44,Quarter,2001 Q4,K02000001,,,Outward,,Number Of,,Disposal
24,Quarter,2002 Q1,K02000001,,,Outward,,Number Of,,Disposal
38,Quarter,2002 Q2,K02000001,,,Outward,,Number Of,,Disposal
35,Quarter,2002 Q3,K02000001,,,Outward,,Number Of,,Disposal
31,Quarter,2002 Q4,K02000001,,,Outward,,Number Of,,Disposal
26,Quarter,2003 Q1,K02000001,,,Outward,,Number Of,,Disposal
26,Quarter,2003 Q2,K02000001,,,Outward,,Number Of,,Disposal
40,Quarter,2003 Q3,K02000001,,,Outward,,Number Of,,Disposal
44,Quarter,2003 Q4,K02000001,,,Outward,,Number Of,,Disposal
42,Quarter,2004 Q1,K02000001,,,Outward,,Number Of,,Disposal
18,Quarter,2004 Q2,K02000001,,,Outward,,Number Of,,Disposal
35,Quarter,2004 Q3,K02000001,,,Outward,,Number Of,,Disposal
23,Quarter,2004 Q4,K02000001,,,Outward,,Number Of,,Disposal
20,Quarter,2005 Q1,K02000001,,,Outward,,Number Of,,Disposal
22,Quarter,2005 Q2,K02000001,,,Outward,,Number Of,,Disposal
42,Quarter,2005 Q3,K02000001,,,Outward,,Number Of,,Disposal
26,Quarter,2005 Q4,K02000001,,,Outward,,Number Of,,Disposal
18,Quarter,2006 Q1,K02000001,,,Outward,,Number Of,,Disposal
18,Quarter,2006 Q2,K02000001,,,Outward,,Number Of,,Disposal
24,Quarter,2006 Q3,K02000001,,,Outward,,Number Of,,Disposal
29,Quarter,2006 Q4,K02000001,,,Outward,,Number Of,,Disposal
23,Quarter,2007 Q1,K02000001,,,Outward,,Number Of,,Disposal
39,Quarter,2007 Q2,K02000001,,,Outward,,Number Of,,Disposal
23,Quarter,2007 Q3,K02000001,,,Outward,,Number Of,,Disposal
19,Quarter,2007 Q4,K02000001,,,Outward,,Number Of,,Disposal
15,Quarter,2008 Q1,K02000001,,,Outward,,Number Of,,Disposal
19,Quarter,2008 Q2,K02000001,,,Outward,,Number Of,,Disposal
19,Quarter,2008 Q3,K02000001,,,Outward,,Number Of,,Disposal
18,Quarter,2008 Q4,K02000001,,,Outward,,Number Of,,Disposal
13,Quarter,2009 Q1,K02000001,,,Outward,,Number Of,,Disposal
7,Quarter,2009 Q2,K02000001,,,Outward,,Number Of,,Disposal
7,Quarter,2009 Q3,K02000001,,,Outward,,Number Of,,Disposal
10,Quarter,2009 Q4,K02000001,,,Outward,,Number Of,,Disposal
13,Quarter,2010 Q1,K02000001,,,Outward,,Number Of,,Disposal
18,Quarter,2010 Q2,K02000001,,,Outward,,Number Of,,Disposal
18,Quarter,2010 Q3,K02000001,,,Outward,,Number Of,,Disposal
24,Quarter,2010 Q4,K02000001,,,Outward,,Number Of,,Disposal
18,Quarter,2011 Q1,K02000001,,,Outward,,Number Of,,Disposal
19,Quarter,2011 Q2,K02000001,,,Outward,,Number Of,,Disposal
22,Quarter,2011 Q3,K02000001,,,Outward,,Number Of,,Disposal
21,Quarter,2011 Q4,K02000001,,,Outward,,Number Of,,Disposal
8,Quarter,2012 Q1,K02000001,,,Outward,,Number Of,,Disposal
14,Quarter,2012 Q2,K02000001,,,Outward,,Number Of,,Disposal
7,Quarter,2012 Q3,K02000001,,,Outward,,Number Of,,Disposal
11,Quarter,2012 Q4,K02000001,,,Outward,,Number Of,,Disposal
10,Quarter,2013 Q1,K02000001,,,Outward,,Number Of,,Disposal
13,Quarter,2013 Q2,K02000001,,,Outward,,Number Of,,Disposal
5,Quarter,2013 Q3,K02000001,,,Outward,,Number Of,,Disposal
20,Quarter,2014 Q2,K02000001,,,Outward,,Number Of,,Disposal
4,Quarter,2014 Q4,K02000001,,,Outward,,Number Of,,Disposal
9,Quarter,2015 Q3,K02000001,,,Outward,,Number Of,,Disposal
16,Quarter,2015 Q4,K02000001,,,Outward,,Number Of,,Disposal
15,Quarter,2016 Q1,K02000001,,,Outward,,Number Of,,Disposal
11,Quarter,2016 Q2,K02000001,,,Outward,,Number Of,,Disposal
14,Quarter,2017 Q1,K02000001,,,Outward,,Number Of,,Disposal
6,Quarter,2017 Q2,K02000001,,,Outward,,Number Of,,Disposal
431,Year,1987,K02000001,,,Outward,,Number Of,,Acquisition
648,Year,1988,K02000001,,,Outward,,Number Of,,Acquisition
681,Year,1989,K02000001,,,Outward,,Number Of,,Acquisition
586,Year,1990,K02000001,,,Outward,,Number Of,,Acquisition
550,Year,1991,K02000001,,,Outward,,Number Of,,Acquisition
679,Year,1992,K02000001,,,Outward,,Number Of,,Acquisition
521,Year,1993,K02000001,,,Outward,,Number Of,,Acquisition
422,Year,1994,K02000001,,,Outward,,Number Of,,Acquisition
365,Year,1995,K02000001,,,Outward,,Number Of,,Acquisition
442,Year,1996,K02000001,,,Outward,,Number Of,,Acquisition
464,Year,1997,K02000001,,,Outward,,Number Of,,Acquisition
569,Year,1998,K02000001,,,Outward,,Number Of,,Acquisition
590,Year,1999,K02000001,,,Outward,,Number Of,,Acquisition
557,Year,2000,K02000001,,,Outward,,Number Of,,Acquisition
371,Year,2001,K02000001,,,Outward,,Number Of,,Acquisition
262,Year,2002,K02000001,,,Outward,,Number Of,,Acquisition
243,Year,2003,K02000001,,,Outward,,Number Of,,Acquisition
305,Year,2004,K02000001,,,Outward,,Number Of,,Acquisition
365,Year,2005,K02000001,,,Outward,,Number Of,,Acquisition
405,Year,2006,K02000001,,,Outward,,Number Of,,Acquisition
441,Year,2007,K02000001,,,Outward,,Number Of,,Acquisition
298,Year,2008,K02000001,,,Outward,,Number Of,,Acquisition
118,Year,2009,K02000001,,,Outward,,Number Of,,Acquisition
199,Year,2010,K02000001,,,Outward,,Number Of,,Acquisition
286,Year,2011,K02000001,,,Outward,,Number Of,,Acquisition
122,Year,2012,K02000001,,,Outward,,Number Of,,Acquisition
58,Year,2013,K02000001,,,Outward,,Number Of,,Acquisition
113,Year,2014,K02000001,,,Outward,,Number Of,,Acquisition
170,Year,2015,K02000001,,,Outward,,Number Of,,Acquisition
141,Year,2016,K02000001,,,Outward,,Number Of,,Acquisition
66,Quarter,1987 Q1,K02000001,,,Outward,,Number Of,,Acquisition
97,Quarter,1987 Q2,K02000001,,,Outward,,Number Of,,Acquisition
132,Quarter,1987 Q3,K02000001,,,Outward,,Number Of,,Acquisition
136,Quarter,1987 Q4,K02000001,,,Outward,,Number Of,,Acquisition
140,Quarter,1988 Q1,K02000001,,,Outward,,Number Of,,Acquisition
178,Quarter,1988 Q2,K02000001,,,Outward,,Number Of,,Acquisition
164,Quarter,1988 Q3,K02000001,,,Outward,,Number Of,,Acquisition
166,Quarter,1988 Q4,K02000001,,,Outward,,Number Of,,Acquisition
171,Quarter,1989 Q1,K02000001,,,Outward,,Number Of,,Acquisition
183,Quarter,1989 Q2,K02000001,,,Outward,,Number Of,,Acquisition
193,Quarter,1989 Q3,K02000001,,,Outward,,Number Of,,Acquisition
134,Quarter,1989 Q4,K02000001,,,Outward,,Number Of,,Acquisition
138,Quarter,1990 Q1,K02000001,,,Outward,,Number Of,,Acquisition
121,Quarter,1990 Q2,K02000001,,,Outward,,Number Of,,Acquisition
173,Quarter,1990 Q3,K02000001,,,Outward,,Number Of,,Acquisition
154,Quarter,1990 Q4,K02000001,,,Outward,,Number Of,,Acquisition
127,Quarter,1991 Q1,K02000001,,,Outward,,Number Of,,Acquisition
113,Quarter,1991 Q2,K02000001,,,Outward,,Number Of,,Acquisition
162,Quarter,1991 Q3,K02000001,,,Outward,,Number Of,,Acquisition
148,Quarter,1991 Q4,K02000001,,,Outward,,Number Of,,Acquisition
191,Quarter,1992 Q1,K02000001,,,Outward,,Number Of,,Acquisition
146,Quarter,1992 Q2,K02000001,,,Outward,,Number Of,,Acquisition
167,Quarter,1992 Q3,K02000001,,,Outward,,Number Of,,Acquisition
175,Quarter,1992 Q4,K02000001,,,Outward,,Number Of,,Acquisition
139,Quarter,1993 Q1,K02000001,,,Outward,,Number Of,,Acquisition
149,Quarter,1993 Q2,K02000001,,,Outward,,Number Of,,Acquisition
90,Quarter,1993 Q3,K02000001,,,Outward,,Number Of,,Acquisition
143,Quarter,1993 Q4,K02000001,,,Outward,,Number Of,,Acquisition
112,Quarter,1994 Q1,K02000001,,,Outward,,Number Of,,Acquisition
115,Quarter,1994 Q2,K02000001,,,Outward,,Number Of,,Acquisition
88,Quarter,1994 Q3,K02000001,,,Outward,,Number Of,,Acquisition
107,Quarter,1994 Q4,K02000001,,,Outward,,Number Of,,Acquisition
99,Quarter,1995 Q1,K02000001,,,Outward,,Number Of,,Acquisition
102,Quarter,1995 Q2,K02000001,,,Outward,,Number Of,,Acquisition
75,Quarter,1995 Q3,K02000001,,,Outward,,Number Of,,Acquisition
89,Quarter,1995 Q4,K02000001,,,Outward,,Number Of,,Acquisition
101,Quarter,1996 Q1,K02000001,,,Outward,,Number Of,,Acquisition
113,Quarter,1996 Q2,K02000001,,,Outward,,Number Of,,Acquisition
100,Quarter,1996 Q3,K02000001,,,Outward,,Number Of,,Acquisition
128,Quarter,1996 Q4,K02000001,,,Outward,,Number Of,,Acquisition
110,Quarter,1997 Q1,K02000001,,,Outward,,Number Of,,Acquisition
99,Quarter,1997 Q2,K02000001,,,Outward,,Number Of,,Acquisition
118,Quarter,1997 Q3,K02000001,,,Outward,,Number Of,,Acquisition
137,Quarter,1997 Q4,K02000001,,,Outward,,Number Of,,Acquisition
132,Quarter,1998 Q1,K02000001,,,Outward,,Number Of,,Acquisition
144,Quarter,1998 Q2,K02000001,,,Outward,,Number Of,,Acquisition
128,Quarter,1998 Q3,K02000001,,,Outward,,Number Of,,Acquisition
165,Quarter,1998 Q4,K02000001,,,Outward,,Number Of,,Acquisition
141,Quarter,1999 Q1,K02000001,,,Outward,,Number Of,,Acquisition
147,Quarter,1999 Q2,K02000001,,,Outward,,Number Of,,Acquisition
133,Quarter,1999 Q3,K02000001,,,Outward,,Number Of,,Acquisition
169,Quarter,1999 Q4,K02000001,,,Outward,,Number Of,,Acquisition
188,Quarter,2000 Q1,K02000001,,,Outward,,Number Of,,Acquisition
127,Quarter,2000 Q2,K02000001,,,Outward,,Number Of,,Acquisition
127,Quarter,2000 Q3,K02000001,,,Outward,,Number Of,,Acquisition
115,Quarter,2000 Q4,K02000001,,,Outward,,Number Of,,Acquisition
109,Quarter,2001 Q1,K02000001,,,Outward,,Number Of,,Acquisition
111,Quarter,2001 Q2,K02000001,,,Outward,,Number Of,,Acquisition
85,Quarter,2001 Q3,K02000001,,,Outward,,Number Of,,Acquisition
66,Quarter,2001 Q4,K02000001,,,Outward,,Number Of,,Acquisition
68,Quarter,2002 Q1,K02000001,,,Outward,,Number Of,,Acquisition
68,Quarter,2002 Q2,K02000001,,,Outward,,Number Of,,Acquisition
74,Quarter,2002 Q3,K02000001,,,Outward,,Number Of,,Acquisition
52,Quarter,2002 Q4,K02000001,,,Outward,,Number Of,,Acquisition
60,Quarter,2003 Q1,K02000001,,,Outward,,Number Of,,Acquisition
53,Quarter,2003 Q2,K02000001,,,Outward,,Number Of,,Acquisition
63,Quarter,2003 Q3,K02000001,,,Outward,,Number Of,,Acquisition
67,Quarter,2003 Q4,K02000001,,,Outward,,Number Of,,Acquisition
64,Quarter,2004 Q1,K02000001,,,Outward,,Number Of,,Acquisition
81,Quarter,2004 Q2,K02000001,,,Outward,,Number Of,,Acquisition
74,Quarter,2004 Q3,K02000001,,,Outward,,Number Of,,Acquisition
86,Quarter,2004 Q4,K02000001,,,Outward,,Number Of,,Acquisition
91,Quarter,2005 Q1,K02000001,,,Outward,,Number Of,,Acquisition
74,Quarter,2005 Q2,K02000001,,,Outward,,Number Of,,Acquisition
109,Quarter,2005 Q3,K02000001,,,Outward,,Number Of,,Acquisition
91,Quarter,2005 Q4,K02000001,,,Outward,,Number Of,,Acquisition
94,Quarter,2006 Q1,K02000001,,,Outward,,Number Of,,Acquisition
98,Quarter,2006 Q2,K02000001,,,Outward,,Number Of,,Acquisition
98,Quarter,2006 Q3,K02000001,,,Outward,,Number Of,,Acquisition
115,Quarter,2006 Q4,K02000001,,,Outward,,Number Of,,Acquisition
108,Quarter,2007 Q1,K02000001,,,Outward,,Number Of,,Acquisition
105,Quarter,2007 Q2,K02000001,,,Outward,,Number Of,,Acquisition
141,Quarter,2007 Q3,K02000001,,,Outward,,Number Of,,Acquisition
87,Quarter,2007 Q4,K02000001,,,Outward,,Number Of,,Acquisition
86,Quarter,2008 Q1,K02000001,,,Outward,,Number Of,,Acquisition
91,Quarter,2008 Q2,K02000001,,,Outward,,Number Of,,Acquisition
72,Quarter,2008 Q3,K02000001,,,Outward,,Number Of,,Acquisition
49,Quarter,2008 Q4,K02000001,,,Outward,,Number Of,,Acquisition
17,Quarter,2009 Q1,K02000001,,,Outward,,Number Of,,Acquisition
32,Quarter,2009 Q2,K02000001,,,Outward,,Number Of,,Acquisition
28,Quarter,2009 Q3,K02000001,,,Outward,,Number Of,,Acquisition
41,Quarter,2009 Q4,K02000001,,,Outward,,Number Of,,Acquisition
30,Quarter,2010 Q1,K02000001,,,Outward,,Number Of,,Acquisition
49,Quarter,2010 Q2,K02000001,,,Outward,,Number Of,,Acquisition
54,Quarter,2010 Q3,K02000001,,,Outward,,Number Of,,Acquisition
66,Quarter,2010 Q4,K02000001,,,Outward,,Number Of,,Acquisition
70,Quarter,2011 Q1,K02000001,,,Outward,,Number Of,,Acquisition
75,Quarter,2011 Q2,K02000001,,,Outward,,Number Of,,Acquisition
77,Quarter,2011 Q3,K02000001,,,Outward,,Number Of,,Acquisition
64,Quarter,2011 Q4,K02000001,,,Outward,,Number Of,,Acquisition
25,Quarter,2012 Q1,K02000001,,,Outward,,Number Of,,Acquisition
41,Quarter,2012 Q2,K02000001,,,Outward,,Number Of,,Acquisition
21,Quarter,2012 Q3,K02000001,,,Outward,,Number Of,,Acquisition
35,Quarter,2012 Q4,K02000001,,,Outward,,Number Of,,Acquisition
27,Quarter,2013 Q1,K02000001,,,Outward,,Number Of,,Acquisition
13,Quarter,2013 Q2,K02000001,,,Outward,,Number Of,,Acquisition
7,Quarter,2013 Q3,K02000001,,,Outward,,Number Of,,Acquisition
11,Quarter,2013 Q4,K02000001,,,Outward,,Number Of,,Acquisition
30,Quarter,2014 Q1,K02000001,,,Outward,,Number Of,,Acquisition
25,Quarter,2014 Q2,K02000001,,,Outward,,Number Of,,Acquisition
23,Quarter,2014 Q3,K02000001,,,Outward,,Number Of,,Acquisition
35,Quarter,2014 Q4,K02000001,,,Outward,,Number Of,,Acquisition
49,Quarter,2015 Q1,K02000001,,,Outward,,Number Of,,Acquisition
31,Quarter,2015 Q2,K02000001,,,Outward,,Number Of,,Acquisition
39,Quarter,2015 Q3,K02000001,,,Outward,,Number Of,,Acquisition
51,Quarter,2015 Q4,K02000001,,,Outward,,Number Of,,Acquisition
38,Quarter,2016 Q1,K02000001,,,Outward,,Number Of,,Acquisition
35,Quarter,2016 Q2,K02000001,,,Outward,,Number Of,,Acquisition
46,Quarter,2016 Q3,K02000001,,,Outward,,Number Of,,Acquisition
22,Quarter,2016 Q4,K02000001,,,Outward,,Number Of,,Acquisition
36,Quarter,2017 Q1,K02000001,,,Outward,,Number Of,,Acquisition
24,Quarter,2017 Q2,K02000001,,,Outward,,Number Of,,Acquisition
6,Year,1987,K02000001,,,Outward,,Indirect Funded In UK,,Disposal
4,Year,1988,K02000001,,,Outward,,Indirect Funded In UK,,Disposal
2,Year,1989,K02000001,,,Outward,,Indirect Funded In UK,,Disposal
3,Year,1990,K02000001,,,Outward,,Indirect Funded In UK,,Disposal
4,Year,1991,K02000001,,,Outward,,Indirect Funded In UK,,Disposal
5,Year,1992,K02000001,,,Outward,,Indirect Funded In UK,,Disposal
2,Year,1993,K02000001,,,Outward,,Indirect Funded In UK,,Disposal
2,Year,1994,K02000001,,,Outward,,Indirect Funded In UK,,Disposal
11,Year,1995,K02000001,,,Outward,,Indirect Funded In UK,,Disposal
17,Year,1996,K02000001,,,Outward,,Indirect Funded In UK,,Disposal
20,Year,1997,K02000001,,,Outward,,Indirect Funded In UK,,Disposal
24,Year,1998,K02000001,,,Outward,,Indirect Funded In UK,,Disposal
29,Year,1999,K02000001,,,Outward,,Indirect Funded In UK,,Disposal
20,Year,2000,K02000001,,,Outward,,Indirect Funded In UK,,Disposal
17,Year,2001,K02000001,,,Outward,,Indirect Funded In UK,,Disposal
8,Year,2002,K02000001,,,Outward,,Indirect Funded In UK,,Disposal
12,Year,2003,K02000001,,,Outward,,Indirect Funded In UK,,Disposal
17,Year,2004,K02000001,,,Outward,,Indirect Funded In UK,,Disposal
13,Year,2005,K02000001,,,Outward,,Indirect Funded In UK,,Disposal
20,Year,2006,K02000001,,,Outward,,Indirect Funded In UK,,Disposal
8,Year,2007,K02000001,,,Outward,,Indirect Funded In UK,,Disposal
9,Year,2008,K02000001,,,Outward,,Indirect Funded In UK,,Disposal
2,Year,2009,K02000001,,,Outward,,Indirect Funded In UK,,Disposal
4,Year,2010,K02000001,,,Outward,,Indirect Funded In UK,,Disposal
6,Year,2011,K02000001,,,Outward,,Indirect Funded In UK,,Disposal
3,Year,2012,K02000001,,,Outward,,Indirect Funded In UK,,Disposal
2,Year,2013,K02000001,,,Outward,,Indirect Funded In UK,,Disposal
7,Year,2014,K02000001,,,Outward,,Indirect Funded In UK,,Disposal
0,Year,2015,K02000001,,,Outward,,Indirect Funded In UK,,Disposal
92,Year,1987,K02000001,,,Outward,,Direct Transactions,,Disposal
76,Year,1988,K02000001,,,Outward,,Direct Transactions,,Disposal
111,Year,1989,K02000001,,,Outward,,Direct Transactions,,Disposal
101,Year,1990,K02000001,,,Outward,,Direct Transactions,,Disposal
140,Year,1991,K02000001,,,Outward,,Direct Transactions,,Disposal
180,Year,1992,K02000001,,,Outward,,Direct Transactions,,Disposal
172,Year,1993,K02000001,,,Outward,,Direct Transactions,,Disposal
124,Year,1994,K02000001,,,Outward,,Direct Transactions,,Disposal
89,Year,1995,K02000001,,,Outward,,Direct Transactions,,Disposal
144,Year,1996,K02000001,,,Outward,,Direct Transactions,,Disposal
134,Year,1997,K02000001,,,Outward,,Direct Transactions,,Disposal
175,Year,1998,K02000001,,,Outward,,Direct Transactions,,Disposal
139,Year,1999,K02000001,,,Outward,,Direct Transactions,,Disposal
127,Year,2000,K02000001,,,Outward,,Direct Transactions,,Disposal
102,Year,2001,K02000001,,,Outward,,Direct Transactions,,Disposal
103,Year,2002,K02000001,,,Outward,,Direct Transactions,,Disposal
105,Year,2003,K02000001,,,Outward,,Direct Transactions,,Disposal
87,Year,2004,K02000001,,,Outward,,Direct Transactions,,Disposal
85,Year,2005,K02000001,,,Outward,,Direct Transactions,,Disposal
65,Year,2006,K02000001,,,Outward,,Direct Transactions,,Disposal
87,Year,2007,K02000001,,,Outward,,Direct Transactions,,Disposal
54,Year,2008,K02000001,,,Outward,,Direct Transactions,,Disposal
33,Year,2009,K02000001,,,Outward,,Direct Transactions,,Disposal
59,Year,2010,K02000001,,,Outward,,Direct Transactions,,Disposal
66,Year,2011,K02000001,,,Outward,,Direct Transactions,,Disposal
30,Year,2012,K02000001,,,Outward,,Direct Transactions,,Disposal
28,Year,2013,K02000001,,,Outward,,Direct Transactions,,Disposal
28,Year,2014,K02000001,,,Outward,,Direct Transactions,,Disposal
44,Year,2015,K02000001,,,Outward,,Direct Transactions,,Disposal
43,Year,2016,K02000001,,,Outward,,Direct Transactions,,Disposal
97,Year,1987,K02000001,,,Outward,,Indirect Funded Locally,,Acquisition
132,Year,1988,K02000001,,,Outward,,Indirect Funded Locally,,Acquisition
193,Year,1989,K02000001,,,Outward,,Indirect Funded Locally,,Acquisition
128,Year,1990,K02000001,,,Outward,,Indirect Funded Locally,,Acquisition
97,Year,1991,K02000001,,,Outward,,Indirect Funded Locally,,Acquisition
67,Year,1992,K02000001,,,Outward,,Indirect Funded Locally,,Acquisition
86,Year,1993,K02000001,,,Outward,,Indirect Funded Locally,,Acquisition
70,Year,1994,K02000001,,,Outward,,Indirect Funded Locally,,Acquisition
53,Year,1995,K02000001,,,Outward,,Indirect Funded Locally,,Acquisition
64,Year,1996,K02000001,,,Outward,,Indirect Funded Locally,,Acquisition
70,Year,1997,K02000001,,,Outward,,Indirect Funded Locally,,Acquisition
88,Year,1998,K02000001,,,Outward,,Indirect Funded Locally,,Acquisition
108,Year,1999,K02000001,,,Outward,,Indirect Funded Locally,,Acquisition
93,Year,2000,K02000001,,,Outward,,Indirect Funded Locally,,Acquisition
35,Year,2001,K02000001,,,Outward,,Indirect Funded Locally,,Acquisition
44,Year,2002,K02000001,,,Outward,,Indirect Funded Locally,,Acquisition
47,Year,2003,K02000001,,,Outward,,Indirect Funded Locally,,Acquisition
71,Year,2004,K02000001,,,Outward,,Indirect Funded Locally,,Acquisition
83,Year,2005,K02000001,,,Outward,,Indirect Funded Locally,,Acquisition
54,Year,2006,K02000001,,,Outward,,Indirect Funded Locally,,Acquisition
66,Year,2007,K02000001,,,Outward,,Indirect Funded Locally,,Acquisition
44,Year,2008,K02000001,,,Outward,,Indirect Funded Locally,,Acquisition
11,Year,2009,K02000001,,,Outward,,Indirect Funded Locally,,Acquisition
26,Year,2010,K02000001,,,Outward,,Indirect Funded Locally,,Acquisition
35,Year,2011,K02000001,,,Outward,,Indirect Funded Locally,,Acquisition
19,Year,2012,K02000001,,,Outward,,Indirect Funded Locally,,Acquisition
4,Year,2013,K02000001,,,Outward,,Indirect Funded Locally,,Acquisition
77,Year,2014,K02000001,,,Outward,,Indirect Funded Locally,,Acquisition
83,Year,2015,K02000001,,,Outward,,Indirect Funded Locally,,Acquisition
58,Year,2016,K02000001,,,Outward,,Indirect Funded Locally,,Acquisition
61,Year,1987,K02000001,,,Outward,,Indirect Funded In UK,,Acquisition
124,Year,1988,K02000001,,,Outward,,Indirect Funded In UK,,Acquisition
111,Year,1989,K02000001,,,Outward,,Indirect Funded In UK,,Acquisition
68,Year,1990,K02000001,,,Outward,,Indirect Funded In UK,,Acquisition
55,Year,1991,K02000001,,,Outward,,Indirect Funded In UK,,Acquisition
45,Year,1992,K02000001,,,Outward,,Indirect Funded In UK,,Acquisition
46,Year,1993,K02000001,,,Outward,,Indirect Funded In UK,,Acquisition
51,Year,1994,K02000001,,,Outward,,Indirect Funded In UK,,Acquisition
68,Year,1995,K02000001,,,Outward,,Indirect Funded In UK,,Acquisition
85,Year,1996,K02000001,,,Outward,,Indirect Funded In UK,,Acquisition
81,Year,1997,K02000001,,,Outward,,Indirect Funded In UK,,Acquisition
112,Year,1998,K02000001,,,Outward,,Indirect Funded In UK,,Acquisition
116,Year,1999,K02000001,,,Outward,,Indirect Funded In UK,,Acquisition
114,Year,2000,K02000001,,,Outward,,Indirect Funded In UK,,Acquisition
90,Year,2001,K02000001,,,Outward,,Indirect Funded In UK,,Acquisition
52,Year,2002,K02000001,,,Outward,,Indirect Funded In UK,,Acquisition
54,Year,2003,K02000001,,,Outward,,Indirect Funded In UK,,Acquisition
69,Year,2004,K02000001,,,Outward,,Indirect Funded In UK,,Acquisition
69,Year,2005,K02000001,,,Outward,,Indirect Funded In UK,,Acquisition
96,Year,2006,K02000001,,,Outward,,Indirect Funded In UK,,Acquisition
105,Year,2007,K02000001,,,Outward,,Indirect Funded In UK,,Acquisition
75,Year,2008,K02000001,,,Outward,,Indirect Funded In UK,,Acquisition
17,Year,2009,K02000001,,,Outward,,Indirect Funded In UK,,Acquisition
38,Year,2010,K02000001,,,Outward,,Indirect Funded In UK,,Acquisition
47,Year,2011,K02000001,,,Outward,,Indirect Funded In UK,,Acquisition
29,Year,2012,K02000001,,,Outward,,Indirect Funded In UK,,Acquisition
11,Year,2013,K02000001,,,Outward,,Indirect Funded In UK,,Acquisition
35,Year,2014,K02000001,,,Outward,,Indirect Funded In UK,,Acquisition
30,Year,2015,K02000001,,,Outward,,Indirect Funded In UK,,Acquisition
23,Year,2016,K02000001,,,Outward,,Indirect Funded In UK,,Acquisition
292,Year,1987,K02000001,,,Outward,,Direct Transactions,,Acquisition
442,Year,1988,K02000001,,,Outward,,Direct Transactions,,Acquisition
434,Year,1989,K02000001,,,Outward,,Direct Transactions,,Acquisition
433,Year,1990,K02000001,,,Outward,,Direct Transactions,,Acquisition
461,Year,1991,K02000001,,,Outward,,Direct Transactions,,Acquisition
578,Year,1992,K02000001,,,Outward,,Direct Transactions,,Acquisition
380,Year,1993,K02000001,,,Outward,,Direct Transactions,,Acquisition
296,Year,1994,K02000001,,,Outward,,Direct Transactions,,Acquisition
275,Year,1995,K02000001,,,Outward,,Direct Transactions,,Acquisition
321,Year,1996,K02000001,,,Outward,,Direct Transactions,,Acquisition
340,Year,1997,K02000001,,,Outward,,Direct Transactions,,Acquisition
403,Year,1998,K02000001,,,Outward,,Direct Transactions,,Acquisition
414,Year,1999,K02000001,,,Outward,,Direct Transactions,,Acquisition
384,Year,2000,K02000001,,,Outward,,Direct Transactions,,Acquisition
268,Year,2001,K02000001,,,Outward,,Direct Transactions,,Acquisition
185,Year,2002,K02000001,,,Outward,,Direct Transactions,,Acquisition
161,Year,2003,K02000001,,,Outward,,Direct Transactions,,Acquisition
186,Year,2004,K02000001,,,Outward,,Direct Transactions,,Acquisition
239,Year,2005,K02000001,,,Outward,,Direct Transactions,,Acquisition
277,Year,2006,K02000001,,,Outward,,Direct Transactions,,Acquisition
289,Year,2007,K02000001,,,Outward,,Direct Transactions,,Acquisition
196,Year,2008,K02000001,,,Outward,,Direct Transactions,,Acquisition
97,Year,2009,K02000001,,,Outward,,Direct Transactions,,Acquisition
149,Year,2010,K02000001,,,Outward,,Direct Transactions,,Acquisition
223,Year,2011,K02000001,,,Outward,,Direct Transactions,,Acquisition
83,Year,2012,K02000001,,,Outward,,Direct Transactions,,Acquisition
44,Year,2013,K02000001,,,Outward,,Direct Transactions,,Acquisition
79,Year,2014,K02000001,,,Outward,,Direct Transactions,,Acquisition
155,Year,2015,K02000001,,,Outward,,Direct Transactions,,Acquisition
142,Year,2016,K02000001,,,Outward,,Direct Transactions,,Acquisition
36,Year,1987,K02000001,,,Outward,,In USA,,Disposal
45,Year,1988,K02000001,,,Outward,,In USA,,Disposal
60,Year,1989,K02000001,,,Outward,,In USA,,Disposal
40,Year,1990,K02000001,,,Outward,,In USA,,Disposal
50,Year,1991,K02000001,,,Outward,,In USA,,Disposal
59,Year,1992,K02000001,,,Outward,,In USA,,Disposal
70,Year,1993,K02000001,,,Outward,,In USA,,Disposal
39,Year,1994,K02000001,,,Outward,,In USA,,Disposal
46,Year,1995,K02000001,,,Outward,,In USA,,Disposal
52,Year,1996,K02000001,,,Outward,,In USA,,Disposal
39,Year,1997,K02000001,,,Outward,,In USA,,Disposal
52,Year,1998,K02000001,,,Outward,,In USA,,Disposal
65,Year,1999,K02000001,,,Outward,,In USA,,Disposal
61,Year,2000,K02000001,,,Outward,,In USA,,Disposal
36,Year,2001,K02000001,,,Outward,,In USA,,Disposal
34,Year,2002,K02000001,,,Outward,,In USA,,Disposal
43,Year,2003,K02000001,,,Outward,,In USA,,Disposal
24,Year,2004,K02000001,,,Outward,,In USA,,Disposal
24,Year,2005,K02000001,,,Outward,,In USA,,Disposal
25,Year,2006,K02000001,,,Outward,,In USA,,Disposal
28,Year,2007,K02000001,,,Outward,,In USA,,Disposal
22,Year,2008,K02000001,,,Outward,,In USA,,Disposal
7,Year,2009,K02000001,,,Outward,,In USA,,Disposal
15,Year,2010,K02000001,,,Outward,,In USA,,Disposal
18,Year,2011,K02000001,,,Outward,,In USA,,Disposal
7,Year,2012,K02000001,,,Outward,,In USA,,Disposal
9,Year,2013,K02000001,,,Outward,,In USA,,Disposal
10,Year,2016,K02000001,,,Outward,,In USA,,Disposal
30,Year,1987,K02000001,,,Outward,,In EU,,Disposal
23,Year,1988,K02000001,,,Outward,,In EU,,Disposal
28,Year,1989,K02000001,,,Outward,,In EU,,Disposal
47,Year,1990,K02000001,,,Outward,,In EU,,Disposal
48,Year,1991,K02000001,,,Outward,,In EU,,Disposal
78,Year,1992,K02000001,,,Outward,,In EU,,Disposal
70,Year,1993,K02000001,,,Outward,,In EU,,Disposal
50,Year,1994,K02000001,,,Outward,,In EU,,Disposal
44,Year,1995,K02000001,,,Outward,,In EU,,Disposal
59,Year,1996,K02000001,,,Outward,,In EU,,Disposal
76,Year,1997,K02000001,,,Outward,,In EU,,Disposal
87,Year,1998,K02000001,,,Outward,,In EU,,Disposal
77,Year,1999,K02000001,,,Outward,,In EU,,Disposal
62,Year,2000,K02000001,,,Outward,,In EU,,Disposal
61,Year,2001,K02000001,,,Outward,,In EU,,Disposal
43,Year,2002,K02000001,,,Outward,,In EU,,Disposal
47,Year,2003,K02000001,,,Outward,,In EU,,Disposal
40,Year,2004,K02000001,,,Outward,,In EU,,Disposal
47,Year,2005,K02000001,,,Outward,,In EU,,Disposal
33,Year,2006,K02000001,,,Outward,,In EU,,Disposal
44,Year,2007,K02000001,,,Outward,,In EU,,Disposal
30,Year,2008,K02000001,,,Outward,,In EU,,Disposal
15,Year,2009,K02000001,,,Outward,,In EU,,Disposal
27,Year,2010,K02000001,,,Outward,,In EU,,Disposal
32,Year,2011,K02000001,,,Outward,,In EU,,Disposal
12,Year,2013,K02000001,,,Outward,,In EU,,Disposal
18,Year,2015,K02000001,,,Outward,,In EU,,Disposal
